,cik,year_end
0,1090872, 1031
1,1675149, 1231
2,706688, 1231
3,824142, 1231
4,1158449, 1228
5,320193, 0928
6,1500217, 1231
7,1135185, 1231
8,825313, 1231
9,1091587, 40
10,1140859, 0930
11,351569, 1231
12,1144980, 1231
13,771497, 1031
14,815094, 0331
15,1253986, 1231
16,1800, 1231
17,1070494, 1231
18,1283630, 1231
19,712034, 1231
20,947484, 40
21,1520697, 1231
22,1070336, 1231
23,935036, 1231
24,1113232, 1231
25,868857, 0928
26,1467373, 40
27,1008848, 1231
28,1529377, 40
29,1427925, 1231
30,934549, 1231
31,2098, 1231
32,1036848, 1231
33,796343, 1130
34,917251, 1231
35,1515156, 1231
36,6281, 1102
37,7084, 1231
38,8670, 0630
39,1101215, 1231
40,769397, 0131
41,926282, 1231
42,1468328, 1231
43,1002910, 1231
44,353020, 1231
45,1040470, 0531
46,927003, 1231
47,1039828, 1231
48,1231, 40
49,919012, 0201
50,4904, 1231
51,1378789, 40
52,874761, 1231
53,25, 40
54,1042046, 1231
55,4977, 1231
56,1308648, 40
57,880266, 1231
58,1098972, 1231
59,845877, 1231
60,1578845, 40
61,1423689, 1231
62,1273813, 40
63,1231, 40
64,100591, 0131
65,78749, 40
66,1232582, 1231
67,1209028, 1231
68,5272, 1231
69,1374535, 1231
70,819793, 1231
71,1278752, 0001278752
72,1750, 0531
73,109563, 0630
74,922864, 1231
75,1267238, 1231
76,354190, 1231
77,1086222, 1231
78,899629, 1231
79,3116, 1231
80,918160, 1231
81,1487712, 1231
82,915913, 1231
83,3545, 0930
84,66756, 1231
85,1545654, 1231
86,897077, 1231
87,1097149, 1231
88,1362468, 1231
89,1267602, 1231
90,766421, 1231
91,1520262, 40
92,899051, 1231
93,1365767, 40
94,1178670, 1231
95,8146, 0131
96,1420565, 1231
97,1089511, 1231
98,1411207, 1231
99,1701732, 1231
100,3499, 1231
101,899866, 1231
102,1623925, 1231
103,792977, 1231
104,6951, 1027
105,1514991, 1231
106,2488, 1228
107,1037868, 1231
108,896262, 1231
109,1004434, 1231
110,318154, 1231
111,1513965, 1231
112,1047127, 1231
113,741516, 1231
114,46129, 1231
115,820027, 1231
116,1108236, 1231
117,1488139, 1231
118,1120246, 40
119,1365916, 1231
120,880807, 0331
121,1018979, 1231
122,713425, 0430
123,1053507, 1231
124,1173431, 0930
125,794619, 0430
126,5, 40
127,1018724, 1231
128,350698, 1231
129,821026, 1231
130,1018840, 0202
131,1705110, 1231
132,1275187, 0531
133,1047884, 1231
134,898437, 1231
135,1013462, 1231
136,1316175, 1231
137,315293, 40
138,91142, 1231
139,1387467, 0630
140,6176, 1231
141,6769, 1231
142,2969, 0930
143,1201792, 1231
144,820313, 1231
145,1411494, 1231
146,6845, 0229
147,1481832, 1231
148,1138723, 0630
149,1305168, 1231
150,1287750, 1231
151,1231, 40
152,826326, 0630
153,1035443, 1231
154,1405073, 1231
155,1467760, 1231
156,1086600, 1231
157,1080709, 1231
158,717538, 1231
159,1019695, 1231
160,1428205, 1231
161,863110, 1231
162,916529, 1231
163,7536, 1231
164,879407, 0930
165,890564, 1231
166,1674862, 0930
167,1231, 40
168,16, 40
169,1498301, 0803
170,1462418, 40
171,5, 40
172,792987, 1231
173,884144, 1231
174,8, 40
175,720500, 0930
176,1419242, 1
177,1059142, 1231
178,1350653, 1231
179,1368148, 1231
180,1018963, 1231
181,879585, 1231
182,731802, 0930
183,896622, 1231
184,1323885, 1231
185,8063, 1231
186,894081, 1231
187,718877, 1231
188,1086434, 40
189,1011509, 1231
190,2, 40
191,104918, 1231
192,1368622, 0430
193,915912, 1231
194,5981, 1231
195,1325879, 1231
196,1730168, 1103
197,896841, 1231
198,1377789, 0703
199,8868, 1231
200,8858, 0627
201,859163, 0331
202,8818, 1228
203,7431, 1231
204,1410636, 1231
205,1056903, 1231
206,867665, 1231
207,52795, 0103
208,1062231, 1231
209,4962, 1231
210,1214816, 40
211,1051627, 1231
212,1231, 40
213,1144215, 0831
214,1362988, 0
215,901832, 40
216,866787, 0831
217,929940, 0630
218,8947, 0228
219,9984, 1231
220,12927, 1231
221,70858, 1231
222,1443646, 0331
223,1443646, 0331
224,1001085, 40
225,1169770, 1231
226,760498, 1231
227,946673, 1231
228,1231, 40
229,1109189, 1231
230,720154, 0930
231,10456, 1231
232,886158, 0229
233,5, 40
234,1099160, 1231
235,902791, 1231
236,92230, 1231
237,1113809, 0201
238,315858, 1231
239,764478, 0201
240,14930, 1231
241,718940, 40
242,1509589, 1231
243,3, 40
244,78890, 1231
245,1313275, 1231
246,9326, 1231
247,882796, 1231
248,312069, 40
249,913142, 1231
250,846617, 1231
251,790816, 1231
252,1103021, 1231
253,10795, 0930
254,1574774, 1231
255,1124941, 0930
256,729580, 1231
257,38777, 0930
258,1231, 40
259,1303942, 1231
260,907254, 1231
261,1144519, 1231
262,1094831, 1231
263,1156388, 1229
264,14195, 0628
265,1278027, 1228
266,743367, 1231
267,863436, 1231
268,1108134, 1231
269,12, 40
270,768835, 0131
271,875045, 1231
272,12208, 1231
273,1044378, 1231
274,1014739, 1231
275,1231, 40
276,9, 40
277,1013488, 1231
278,1390777, 1231
279,1326003, 05
280,1332349, 1231
281,885245, 0201
282,1392091, 1231
283,1130464, 1231
284,1627014, 1231
285,1504008, 1231
286,2, 40
287,1316835, 1231
288,1364742, 1231
289,1280058, 1231
290,9389, 1231
291,1231, 40
292,22, 40
293,21, 40
294,9092, 1231
295,927971, 40
296,1403475, 1231
297,1048477, 1231
298,802681, 1231
299,14272, 1231
300,9631, 40
301,702513, 1231
302,46195, 1231
303,875357, 1231
304,34067, 1231
305,1610250, 0328
306,1372612, 0131
307,26, 40
308,821127, 1231
309,763901, 1231
310,1383312, 0630
311,746598, 0731
312,892222, 1231
313,8, 40
314,1049782, 1231
315,1109354, 1231
316,933974, 0930
317,79282, 1231
318,14846, 1231
319,1705873, 1231
320,25, 40
321,1231, 40
322,10329, 1130
323,1130144, 1231
324,875622, 1231
325,885725, 1231
326,16, 40
327,946454, 1231
328,1064728, 1231
329,4, 40
330,314489, 1231
331,1734713, 0930
332,1231, 40
333,908255, 1231
334,1120370, 1231
335,1393818, 1231
336,778946, 1231
337,1037540, 1231
338,1231, 1231
339,906553, 1231
340,915840, 0930
341,831001, 1231
342,1157762, 40
343,750686, 1231
344,885550, 1231
345,16058, 0630
346,8, 40
347,23217, 0531
348,721371, 0630
349,16988, 40
350,887596, 1231
351,16160, 0530
352,1406666, 1231
353,730255, 0228
354,1231, 40
355,723612, 1231
356,1340127, 1231
357,907471, 0930
358,726958, 0430
359,18230, 1231
360,1671013, 40
361,861842, 1231
362,896159, 40
363,716133, 1231
364,17, 40
365,910612, 1231
366,1318641, 1231
367,820081, 1231
368,1419536, 40
369,1374310, 1231
370,1369868, 40
371,1067294, 0802
372,813828, 1231
373,22356, 1231
374,16040, 0930
375,723188, 1231
376,944148, 1231
377,726601, 1231
378,1231, 9
379,1051470, 1231
380,1231, 40
381,1219601, 1231
382,815097, 1130
383,9, 40
384,1102934, 0930
385,736772, 1231
386,1334978, 1231
387,1158324, 1231
388,1141103, 1231
389,1576940, 1231
390,5, 40
391,749038, 0630
392,1340652, 1231
393,215466, 1231
394,813672, 1228
395,761648, 1231
396,949428, 1231
397,1200375, 1231
398,1306830, 1231
399,3197, 1231
400,1046568, 1231
401,1231, 40
402,816284, 1231
403,887733, 0928
404,887733, 0928
405,949157, 1231
406,804753, 1228
407,1020214, 1231
408,925645, 40
409,1173489, 1231
410,1324404, 1231
411,1074433, 1022
412,39263, 1231
413,1420800, 1231
414,1527166, 1231
415,1231, 40
416,851205, 1231
417,726854, 1231
418,313927, 1231
419,20212, 1231
420,19584, 1231
421,1517175, 1228
422,1046311, 1231
423,895126, 1231
424,1231, 40
425,1524769, 1231
426,1512762, 1231
427,1043277, 1231
428,897429, 0201
429,1091667, 1231
430,1739940, 1231
431,24090, 1231
432,1231, 40
433,1173204, 0331
434,936395, 1031
435,5, 40
436,1409493, 1231
437,20286, 1231
438,1091883, 1231
439,1171825, 1231
440,859598, 1231
441,21665, 1231
442,1000229, 40
443,1089143, 0630
444,1476045, 1231
445,744218, 1231
446,764065, 1231
447,796505, 0930
448,36047, 1231
449,822818, 1231
450,924901, 1231
451,1340122, 1231
452,1368265, 1231
453,1679688, 1231
454,732834, 1231
455,840715, 1231
456,1231, 40
457,749647, 1231
458,1281774, 1231
459,1466301, 1231
460,1441236, 1231
461,21076, 0630
462,1045520, 40
463,28412, 1231
464,22444, 0831
465,1005229, 0331
466,1166691, 1231
467,1156375, 1231
468,1058090, 1231
469,26172, 1231
470,1058623, 1231
471,766701, 1231
472,1227654, 1231
473,1231, 40
474,811156, 1231
475,23197, 0731
476,21175, 1231
477,1071739, 1231
478,1231, 40
479,1385280, 1231
480,816956, 1231
481,1224608, 1231
482,1130310, 1231
483,1231, 40
484,1284812, 1231
485,1304421, 1231
486,911147, 1231
487,1070412, 1231
488,1467808, 40
489,1345126, 1231
490,927628, 1231
491,858470, 1231
492,21510, 0928
493,21535, 1228
494,317540, 1229
495,887343, 1231
496,1050797, 1231
497,1223389, 0131
498,711404, 1031
499,1163165, 1231
500,1490892, 1231
501,1318084, 1231
502,1088856, 1231
503,909832, 0902
504,884713, 40
505,1466538, 1231
506,16875, 40
507,1231, 40
508,1231, 40
509,16732, 0728
510,928022, 1231
511,701347, 1231
512,1087294, 40
513,19745, 1231
514,1231, 40
515,1392326, 40
516,900075, 0731
517,1369568, 1231
518,1169445, 1231
519,889609, 1231
520,1009759, 0331
521,906345, 1231
522,1383650, 1231
523,25445, 1231
524,1053706, 1228
525,1609253, 1231
526,895419, 0628
527,1060822, 1228
528,1108205, 1231
529,23194, 1231
530,1100682, 1228
531,1410098, 1231
532,799850, 0430
533,1231, 40
534,1334036, 1231
535,1009672, 1231
536,17843, 0630
537,772406, 0328
538,25895, 0331
539,784199, 1231
540,1040593, 1231
541,28, 40
542,858877, 0725
543,1102266, 1231
544,1057352, 1231
545,1005757, 1231
546,1180145, 0630
547,1231, 40
548,790051, 1231
549,1401680, 1231
550,20629, 0331
551,23, 40
552,1676479, 1231
553,1043000, 1231
554,1016281, 1231
555,17313, 0331
556,277948, 1231
557,723254, 0531
558,24491, 1231
559,350852, 1231
560,1015155, 0630
561,1042187, 1231
562,891293, 1231
563,18926, 1231
564,23795, 1231
565,1318484, 0201
566,1318484, 0201
567,26058, 1231
568,1058290, 1231
569,877890, 1231
570,26076, 0930
571,1298675, 1231
572,1108967, 1231
573,1125259, 40
574,1162461, 1231
575,25232, 1231
576,225648, 1231
577,354647, 1231
578,278166, 0328
579,1127371, 1231
580,1231, 40
581,1290900, 1231
582,1133470, 1031
583,1376139, 1231
584,1169561, 0331
585,725363, 0930
586,64803, 1231
587,928658, 1231
588,889348, 1231
589,93410, 1231
590,26324, 1231
591,928340, 40
592,1669779, 1231
593,911177, 1231
594,1035201, 1231
595,1076378, 40
596,1358071, 1231
597,1070985, 1231
598,791915, 1229
599,768411, 1231
600,1130166, 1231
601,1231, 40
602,1108109, 1231
603,1231, 40
604,1061983, 1231
605,799698, 1231
606,858339, 1231
607,1367859, 1231
608,1402902, 40
609,715957, 1231
610,1231, 40
611,351998, 1211
612,915779, 0502
613,27904, 1231
614,26780, 1231
615,916540, 1228
616,916540, 1228
617,28823, 1231
618,29644, 0731
619,1481241, 40
620,30305, 1231
621,1005409, 1231
622,1666700, 1231
623,910638, 1231
624,28917, 0201
625,315189, 1103
626,910521, 0331
627,1364250, 1231
628,1571996, 0201
629,852772, 1225
630,931336, 1231
631,1393612, 1231
632,29534, 0131
633,800457, 1231
634,854775, 0930
635,1342958, 1231
636,1022079, 1231
637,882184, 0930
638,313616, 1231
639,14, 40
640,1393883, 1231
641,49754, 1231
642,29002, 1231
643,1744489, 0928
644,1437107, 1231
645,1437107, 1231
646,1437107, 1231
647,1001082, 1231
648,1694426, 1231
649,1089063, 0201
650,930, 40
651,1101396, 0928
652,1308547, 0924
653,1707092, 40
654,1297996, 1231
655,935703, 0201
656,27996, 1231
657,1438231, 1231
658,713671, 1231
659,1357204, 1228
660,8, 40
661,945764, 1231
662,949039, 1231
663,868780, 1229
664,29905, 1231
665,930, 40
666,896493, 1231
667,1286681, 1229
668,1231, 40
669,707388, 1231
670,783280, 1231
671,1298946, 1231
672,940944, 0531
673,1042893, 1231
674,1082038, 1231
675,131, 40
676,915778, 40
677,771999, 1231
678,3, 40
679,936340, 1231
680,1326160, 1231
681,927066, 1231
682,1029142, 1231
683,1017673, 1231
684,1090012, 1231
685,799165, 1231
686,826675, 1231
687,1093557, 1231
688,1020710, 1231
689,29332, 1228
690,67215, 0125
691,720875, 0630
692,1231, 40
693,712515, 0331
694,703351, 0624
695,1065088, 1231
696,33002, 0228
697,814549, 1231
698,1367644, 1231
699,1411974, 1231
700,1231, 40
701,1157806, 40
702,1426945, 1231
703,31462, 1231
704,1783400, 1231
705,1084961, 1231
706,1487798, 1231
707,1047862, 1231
708,1231, 40
709,531, 40
710,31978, 1231
711,1029199, 1231
712,1411342, 1231
713,1025835, 1231
714,33185, 1231
715,1066194, 0630
716,1050441, 1231
717,1023731, 0331
718,18, 40
719,1065332, 1231
720,49600, 1231
721,894627, 1231
722,1333493, 1231
723,1379041, 1231
724,827052, 1231
725,1001250, 0630
726,1013606, 1231
727,1488917, 0630
728,895417, 1231
729,837465, 1231
730,1046995, 1231
731,105634, 1231
732,808326, 0930
733,915389, 1231
734,32604, 0930
735,895728, 40
736,1593034, 40
737,1463101, 1231
738,1632790, 0930
739,1289308, 0331
740,1125376, 1231
741,1101302, 1231
742,1337619, 1231
743,316253, 0731
744,821189, 1231
745,1352010, 1231
746,1073349, 0630
747,1061219, 1231
748,1006655, 0630
749,1045450, 1231
750,1101239, 1231
751,906107, 1231
752,33213, 1231
753,29, 40
754,1231, 40
755,922621, 1231
756,1421517, 1231
757,9, 40
758,72741, 1231
759,33488, 1229
760,866706, 0930
761,3, 40
762,1363829, 40
763,1590714, 1231
764,1231, 40
765,920522, 1231
766,1382230, 0930
767,10254, 1231
768,1276187, 1231
769,1015780, 1231
770,896156, 0630
771,1067837, 1231
772,1551182, 40
773,65984, 1231
774,350797, 1031
775,842518, 1231
776,1109116, 1231
777,1640428, 1231
778,1052054, 1231
779,1360901, 1231
780,1099800, 1231
781,1069157, 1231
782,1124140, 1231
783,1109357, 1231
784,939767, 0103
785,16, 40
786,20, 40
787,1297989, 40
788,918646, 0331
789,746515, 1231
790,1324424, 1231
791,851520, 0103
792,1483510, 0201
793,1289490, 1231
794,1078271, 0630
795,876523, 0930
796,37996, 1231
797,1472787, 1231
798,34563, 0630
799,917491, 1231
800,815556, 1231
801,1033012, 1231
802,1519751, 1231
803,1521951, 1231
804,947559, 1231
805,811589, 1231
806,1057706, 1231
807,886206, 0831
808,859070, 1231
809,932781, 1231
810,1141807, 1231
811,886128, 1031
812,712537, 1231
813,840489, 1231
814,887936, 1231
815,831259, 1231
816,946647, 1231
817,1047340, 9
818,1013237, 0831
819,1513363, 1231
820,1048911, 0531
821,1031296, 1231
822,38725, 1231
823,4, 40
824,1401257, 1231
825,1337298, 1231
826,708955, 1231
827,1012771, 1231
828,923139, 1231
829,36029, 1231
830,1048695, 0930
831,1401564, 1231
832,922358, 0731
833,36966, 1231
834,860413, 1231
835,814547, 0930
836,1056288, 1231
837,1136893, 1231
838,862831, 1231
839,798354, 1231
840,35527, 1231
841,1035983, 1231
842,69891, 0501
843,850209, 0201
844,1162194, 1231
845,866374, 40
846,740663, 1231
847,354908, 1231
848,891482, 1231
849,1128928, 1228
850,1641991, 1231
851,1124198, 1231
852,30625, 1231
853,1175454, 1231
854,1084869, 0628
855,29, 40
856,702325, 1231
857,37785, 1231
858,709337, 1231
859,2, 40
860,1231, 40
861,1408710, 40
862,37808, 1231
863,1331875, 1231
864,1231, 40
865,35214, 1231
866,1178879, 1231
867,1406587, 0930
868,1039399, 1228
869,1023313, 1231
870,883569, 1228
871,921825, 1231
872,1399935, 0201
873,834285, 1231
874,40, NULL
875,712534, 1231
876,11, 40
877,34903, 1231
878,1435508, 0930
879,1069394, 40
880,1274494, 1231
881,37914, 1102
882,1031316, 1231
883,277509, 1231
884,352825, 1231
885,846913, 1231
886,1681459, 40
887,928054, 1231
888,1262039, 1231
889,20520, 1231
890,39368, 1130
891,700564, 1231
892,811532, 1231
893,1159281, 1231
894,912728, 1231
895,1398659, 40
896,714395, 1231
897,1089872, 1231
898,1321741, 0331
899,1133416, 1231
900,1328919, 40
901,868671, 1231
902,1476765, 14
903,1060349, 1231
904,1494904, 40
905,923120, 0831
906,1444363, 1231
907,1635718, 1231
908,18498, 0201
909,40533, 1231
910,1699150, 1231
911,1386278, 1231
912,943861, 1231
913,40545, 1231
914,43920, 1031
915,1022321, 1231
916,64472, 0930
917,923796, 1231
918,886744, 1231
919,912463, 0201
920,1392380, 1231
921,50725, 0930
922,6, 40
923,1342287, 0630
924,42888, 1227
925,1131324, 1231
926,1282977, 1231
927,716314, 0331
928,30, 40
929,1031623, 1231
930,1719489, 0930
931,821002, 0131
932,9, 40
933,882095, 1231
934,1231, 40
935,40704, 0529
936,1143513, 0930
937,1372020, 1231
938,0, 40
939,0, 40
940,746210, 1231
941,1323468, 1231
942,1385613, 40
943,41719, 1231
944,1366246, 1231
945,24741, 1231
946,1467858, 1231
947,1326380, 0201
948,1231, 40
949,1275229, 1231
950,1502034, 1231
951,1528356, 1231
952,1326200, 1
953,1487371, 1231
954,1474735, 1231
955,355811, 1231
956,1276520, 1231
957,1231, 40
958,756894, 40
959,1672013, 1231
960,1234006, 1231
961,1652044, 1231
962,1160791, 1231
963,40987, 1231
964,1031203, 1231
965,1408075, 1231
966,17, 40
967,1123360, 1231
968,874499, 1231
969,1309402, 1231
970,1500435, 1231
971,39911, 0202
972,70415, 1231
973,1045309, 1231
974,42682, 1231
975,1438569, 40
976,1121788, 40
977,1490281, 1231
978,886982, 1231
979,1366868, 1231
980,1112920, 1231
981,854560, 1231
982,1126741, 0331
983,1131399, 40
984,1430725, 40
985,12, 40
986,903571, 40
987,42582, 1231
988,1273441, 40
989,825324, 0924
990,892553, 1231
991,43196, 1231
992,1171662, 1231
993,1052752, 1231
994,861459, 1231
995,944480, 1231
996,1012620, 1231
997,1528396, 0731
998,277135, 1231
999,1468174, 1231
1000,1172222, 1231
1001,313143, 0328
1002,1109242, 1231
1003,910406, 0630
1004,45012, 1231
1005,819913, 1231
1006,1159036, 1231
1007,46080, 1229
1008,858655, 0930
1009,49196, 1231
1010,1436425, 1231
1011,1359841, 1228
1012,1123494, 1231
1013,1231, 40
1014,706129, 1231
1015,860730, 1231
1016,1691303, 1231
1017,1403431, 0103
1018,1057379, 1227
1019,765880, 1231
1020,731012, 1231
1021,354950, 0202
1022,925528, 1231
1023,354707, 1231
1024,1339605, 1231
1025,46619, 1031
1026,916789, 40
1027,1283140, 1231
1028,4447, 1231
1029,48039, 1231
1030,1046025, 1231
1031,1498828, 1231
1032,45919, 1231
1033,1417398, 0930
1034,1017480, 0201
1035,874766, 1231
1036,1501585, 1231
1037,1287808, 1231
1038,1231, 40
1039,921082, 1231
1040,719413, 1231
1041,1180262, 40
1042,851310, 1231
1043,866829, 1231
1044,331, 40
1045,850141, 1231
1046,1518715, 1231
1047,1196501, 1231
1048,48287, 1228
1049,788965, 1231
1050,1077688, 0131
1051,793952, 1231
1052,3, 40
1053,859737, 0928
1054,1331520, 1231
1055,1646228, 0125
1056,773840, 1231
1057,1131227, 1231
1058,357294, 1031
1059,46765, 0930
1060,1482512, 1231
1061,47217, 1031
1062,899749, 1231
1063,12659, 0430
1064,47518, 0930
1065,48465, 1027
1066,1487428, 1231
1067,45876, 1231
1068,1000228, 1228
1069,1066605, 1231
1070,1038133, 1231
1071,1210708, 1231
1072,1070750, 1231
1073,1095565, 1231
1074,47111, 1231
1075,1063344, 1231
1076,1053352, 1231
1077,1280784, 19
1078,1265131, 1231
1079,24, 40
1080,799233, 1231
1081,920112, 1231
1082,1657853, 1231
1083,940942, 1231
1084,49071, 1231
1085,1307954, 1231
1086,1289848, 1231
1087,216085, 1231
1088,1356949, 1231
1089,717605, 1231
1090,1492426, 40
1091,1057060, 0930
1092,1231, 40
1093,917520, 1231
1094,21, 1231
1095,39311, 1231
1096,933141, 1231
1097,1381197, 1231
1098,51143, 1231
1099,331, 40
1100,749660, 1231
1101,1571949, 1231
1102,1362004, 1231
1103,531, 40
1104,857737, 1231
1105,883984, 1231
1106,1057877, 1231
1107,1405495, 1231
1108,1040896, 1231
1109,861838, 1231
1110,4187, 1231
1111,874716, 1231
1112,49728, 0930
1113,813762, 1231
1114,832101, 1231
1115,51253, 1231
1116,1326205, 0331
1117,1, 40
1118,764401, 0928
1119,88790, 1231
1120,820318, 0630
1121,1110803, 1229
1122,921582, 40
1123,855654, 1231
1124,1058811, 1231
1125,722830, 1231
1126,1231, 40
1127,1231, 40
1128,1056386, 1231
1129,879169, 1231
1130,776901, 1231
1131,1113148, 1231
1132,1138639, 1228
1133,1337013, 1231
1134,12, 40
1135,1497645, 1231
1136,1055726, 1231
1137,903651, 1231
1138,1104506, 1231
1139,1609550, 1231
1140,789460, 1231
1141,50863, 1228
1142,913760, 0930
1143,1036262, 1231
1144,896878, 0731
1145,829323, 1231
1146,1036044, 1231
1147,1350381, 1231
1148,7, 40
1149,866609, 1231
1150,1054905, 1231
1151,51434, 1231
1152,822663, 1231
1153,51644, 1231
1154,1111928, 1231
1155,1160958, 1231
1156,1364099, 1231
1157,1421461, 1231
1158,1466258, 40
1159,1159167, 1228
1160,1418819, 1231
1161,798359, 1231
1162,1006045, 1228
1163,1020569, 1231
1164,933267, 40
1165,1446847, 1231
1166,1326807, 0630
1167,943034, 1231
1168,728387, 0630
1169,1035267, 1231
1170,749251, 1231
1171,350868, 0331
1172,780571, 1231
1173,1231, 40
1174,216228, 1231
1175,1, 40
1176,49826, 1231
1177,1001902, 1231
1178,742112, 1231
1179,1437071, 1231
1180,914208, 0
1181,807882, 0929
1182,1685715, 1231
1183,1009829, 1231
1184,1617227, 1230
1185,1232524, 40
1186,728535, 1231
1187,898293, 0831
1188,1158463, 1231
1189,1433660, 1231
1190,833444, 40
1191,1084048, 1231
1192,1166126, 0130
1193,22701, 1231
1194,331, 40
1195,52988, 0927
1196,785956, 0928
1197,779152, 0630
1198,1231, 40
1199,1037976, 1231
1200,1302350, 1231
1201,200406, 1229
1202,1043604, 1231
1203,1231, 40
1204,745308, 1231
1205,788329, 0927
1206,19617, 1231
1207,1007019, 1031
1208,72333, 0201
1209,55067, 1228
1210,886346, 1228
1211,811596, 1231
1212,54381, 1231
1213,1395942, 1231
1214,795266, 1130
1215,1357615, 1231
1216,318996, 1231
1217,55135, 1229
1218,887730, 0331
1219,55529, 0430
1220,56047, 1231
1221,91576, 1231
1222,930420, 1231
1223,56679, 0430
1224,701818, 40
1225,879101, 1231
1226,33992, 1231
1227,1056285, 0201
1228,1404912, 1231
1229,319201, 0630
1230,56978, 40
1231,55785, 1231
1232,1506307, 1231
1233,860748, 1231
1234,55242, 0630
1235,1170010, 0229
1236,1011570, 1231
1237,1492691, 1231
1238,21344, 1231
1239,19, 40
1240,811212, 1231
1241,1315257, 1231
1242,771266, 1228
1243,1509991, 1231
1244,56873, 0201
1245,1321646, 1231
1246,1025996, 1231
1247,1286043, 1231
1248,1295664, 1
1249,1257640, 1231
1250,885639, 0201
1251,54480, 1231
1252,719733, 0629
1253,1069258, 1229
1254,1007587, 1231
1255,1408100, 1231
1256,81362, 1231
1257,60086, 1231
1258,1023128, 1231
1259,798081, 0131
1260,1090425, 1231
1261,57515, 0630
1262,703604, 1231
1263,1311370, 40
1264,846901, 1231
1265,1570585, 40
1266,902274, 1231
1267,57725, 0630
1268,1074902, 1231
1269,60977, 1231
1270,842162, 1231
1271,59527, 1231
1272,1333822, 40
1273,58361, 0929
1274,58492, 1231
1275,920760, 1130
1276,889331, 1229
1277,886163, 1231
1278,920148, 1231
1279,1303313, 1231
1280,1073431, 1231
1281,1069202, 1231
1282,1286613, 1231
1283,721994, 1231
1284,1396033, 1231
1285,1391127, 1231
1286,59478, 1231
1287,704051, 0331
1288,1158895, 1231
1289,1342423, 1031
1290,1033905, 1231
1291,936468, 1231
1292,59558, 1231
1293,1005286, 0526
1294,3570, 1231
1295,836157, 0831
1296,352541, 1231
1297,1080340, 1231
1298,1120970, 1231
1299,1032975, 0331
1300,1420302, 1231
1301,1434588, 1231
1302,16, 40
1303,60667, 0131
1304,1528129, 1231
1305,10, 40
1306,1397911, 1231
1307,1102993, 1231
1308,889971, 0630
1309,60519, 1231
1310,1235468, 0930
1311,707549, 0628
1312,1157408, 0630
1313,855658, 0102
1314,944314, 1231
1315,853816, 1228
1316,887905, 1231
1317,1076195, 1231
1318,1114925, 0630
1319,1029730, 1231
1320,16099, 0828
1321,1397187, 40
1322,1239819, 1231
1323,92380, 1231
1324,1300514, 1231
1325,814586, 1231
1326,910108, 1231
1327,1062822, 1231
1328,60714, 1231
1329,1489393, 7
1330,763532, 0630
1331,1335258, 1231
1332,57131, 0427
1333,794367, 0201
1334,1141391, 1231
1335,912595, 1231
1336,912242, 1231
1337,1274792, 1231
1338,1, 40
1339,1396440, 1231
1340,871763, 1231
1341,1056696, 1231
1342,892537, 1231
1343,1048286, 1231
1344,1368365, 1231
1345,62996, 1231
1346,937556, 1228
1347,63276, 1231
1348,63296, 0930
1349,11, 40
1350,1042729, 1231
1351,1053584, 1231
1352,1490349, 06
1353,63908, 1231
1354,1527709, 1231
1355,1071993, 1231
1356,827054, 0331
1357,1224133, 1231
1358,927653, 0331
1359,1059556, 1231
1360,907242, 1231
1361,62234, 1226
1362,64996, 1231
1363,893949, 1231
1364,773141, 1231
1365,876883, 6
1366,1113481, 1231
1367,65011, 0630
1368,708819, 1
1369,1124804, 1231
1370,1613103, 40
1371,67716, 1231
1372,910329, 1231
1373,65270, 0502
1374,1099590, 40
1375,886977, 40
1376,75659, 1231
1377,1099219, 1231
1378,1055160, 1231
1379,1086888, 40
1380,1094810, 1231
1381,1436126, 1231
1382,749098, 40
1383,1273931, 1231
1384,1231, 40
1385,19411, 1231
1386,789570, 1231
1387,835011, 1231
1388,752714, 1231
1389,851968, 1231
1390,1412100, 40
1391,799292, 1231
1392,1289790, 1231
1393,769520, 1228
1394,926423, 0131
1395,911109, 1231
1396,807863, 0930
1397,1514281, 1231
1398,63754, 1130
1399,1096343, 1231
1400,1049502, 1231
1401,1278021, 1231
1402,724004, 0331
1403,66382, 0530
1404,89439, 1228
1405,916076, 1231
1406,1356104, 3
1407,1550603, 0930
1408,62709, 1231
1409,1578732, 1231
1410,1176334, 1231
1411,66740, 1231
1412,1126975, 1231
1413,1032220, 0930
1414,856982, 1231
1415,331, 40
1416,1524223, 1231
1417,1056087, 1229
1418,899460, 1231
1419,67625, 0930
1420,876427, 0328
1421,865752, 1231
1422,1235010, 1231
1423,1302028, 1231
1424,764180, 1231
1425,67347, 0331
1426,1412665, 1231
1427,1179929, 1231
1428,1289419, 1231
1429,1285785, 1231
1430,890394, 1231
1431,72573, 0131
1432,918251, 0331
1433,1510295, 1231
1434,1287865, 1231
1435,1280452, 1231
1436,1129155, 1231
1437,1600470, 1231
1438,1439095, 1231
1439,1049521, 0703
1440,310158, 1231
1441,1260968, 1231
1442,101778, 1231
1443,799167, 1231
1444,1058057, 40
1445,895421, 1231
1446,66570, 1231
1447,1408198, 1231
1448,66004, 1231
1449,789019, 0630
1450,1636519, 0630
1451,68505, 1231
1452,1003078, 0829
1453,880432, 0630
1454,1050446, 1231
1455,1243429, 40
1456,36270, 1231
1457,1037646, 1231
1458,1520006, 1231
1459,876437, 1231
1460,833079, 1231
1461,812011, 0731
1462,1113256, 0930
1463,1104657, 1231
1464,866273, 0630
1465,68709, 0928
1466,1493594, 0930
1467,61986, 1231
1468,891014, 1231
1469,15615, 1231
1470,717423, 1231
1471,1573516, 1231
1472,314203, 40
1473,1099941, 09
1474,65770, 1231
1475,1350593, 0930
1476,1325702, 40
1477,743316, 0627
1478,1288469, 1231
1479,69488, 1231
1480,899923, 0630
1481,1623613, 40
1482,700923, 1231
1483,29, 40
1484,935494, 1231
1485,275053, 1231
1486,1399855, 0531
1487,808450, 1031
1488,810509, 1231
1489,914475, 1231
1490,72207, 1231
1491,811831, 0630
1492,1163739, 40
1493,790359, 1231
1494,1389545, 1231
1495,1377630, 1226
1496,70866, 1231
1497,1120193, 1231
1498,72331, 1031
1499,1458891, 40
1500,1101239, 1231
1501,906107, 1231
1502,33213, 1231
1503,29, 40
1504,1231, 40
1505,922621, 1231
1506,1421517, 1231
1507,9, 40
1508,72741, 1231
1509,33488, 1229
1510,866706, 0930
1511,3, 40
1512,1363829, 40
1513,1590714, 1231
1514,1231, 40
1515,920522, 1231
1516,1382230, 0930
1517,10254, 1231
1518,1276187, 1231
1519,1015780, 1231
1520,896156, 0630
1521,1067837, 1231
1522,1551182, 40
1523,65984, 1231
1524,350797, 1031
1525,842518, 1231
1526,1109116, 1231
1527,1640428, 1231
1528,1052054, 1231
1529,1360901, 1231
1530,1099800, 1231
1531,1069157, 1231
1532,1124140, 1231
1533,1109357, 1231
1534,939767, 0103
1535,16, 40
1536,20, 40
1537,1297989, 40
1538,918646, 0331
1539,746515, 1231
1540,1324424, 1231
1541,851520, 0103
1542,1483510, 0201
1543,1289490, 1231
1544,1078271, 0630
1545,876523, 0930
1546,37996, 1231
1547,1472787, 1231
1548,34563, 0630
1549,917491, 1231
1550,815556, 1231
1551,1033012, 1231
1552,1519751, 1231
1553,1521951, 1231
1554,947559, 1231
1555,811589, 1231
1556,1057706, 1231
1557,886206, 0831
1558,859070, 1231
1559,932781, 1231
1560,1141807, 1231
1561,886128, 1031
1562,712537, 1231
1563,840489, 1231
1564,887936, 1231
1565,831259, 1231
1566,946647, 1231
1567,1047340, 9
1568,1013237, 0831
1569,1513363, 1231
1570,1048911, 0531
1571,1031296, 1231
1572,38725, 1231
1573,4, 40
1574,1401257, 1231
1575,1337298, 1231
1576,708955, 1231
1577,1012771, 1231
1578,923139, 1231
1579,36029, 1231
1580,1048695, 0930
1581,1401564, 1231
1582,922358, 0731
1583,36966, 1231
1584,860413, 1231
1585,814547, 0930
1586,1056288, 1231
1587,1136893, 1231
1588,862831, 1231
1589,798354, 1231
1590,35527, 1231
1591,1035983, 1231
1592,69891, 0501
1593,850209, 0201
1594,1162194, 1231
1595,866374, 40
1596,740663, 1231
1597,354908, 1231
1598,891482, 1231
1599,1128928, 1228
1600,1641991, 1231
1601,1124198, 1231
1602,30625, 1231
1603,1175454, 1231
1604,1084869, 0628
1605,29, 40
1606,702325, 1231
1607,37785, 1231
1608,709337, 1231
1609,2, 40
1610,1231, 40
1611,1408710, 40
1612,37808, 1231
1613,1331875, 1231
1614,1231, 40
1615,35214, 1231
1616,1178879, 1231
1617,1406587, 0930
1618,1039399, 1228
1619,1023313, 1231
1620,883569, 1228
1621,921825, 1231
1622,1399935, 0201
1623,834285, 1231
1624,40, NULL
1625,712534, 1231
1626,11, 40
1627,34903, 1231
1628,1435508, 0930
1629,1069394, 40
1630,1274494, 1231
1631,37914, 1102
1632,1031316, 1231
1633,277509, 1231
1634,352825, 1231
1635,846913, 1231
1636,1681459, 40
1637,928054, 1231
1638,1262039, 1231
1639,20520, 1231
1640,39368, 1130
1641,700564, 1231
1642,811532, 1231
1643,1159281, 1231
1644,912728, 1231
1645,1398659, 40
1646,714395, 1231
1647,1089872, 1231
1648,1321741, 0331
1649,1133416, 1231
1650,1328919, 40
1651,868671, 1231
1652,1476765, 14
1653,1060349, 1231
1654,1494904, 40
1655,923120, 0831
1656,1444363, 1231
1657,1635718, 1231
1658,18498, 0201
1659,40533, 1231
1660,1699150, 1231
1661,1386278, 1231
1662,943861, 1231
1663,40545, 1231
1664,43920, 1031
1665,1022321, 1231
1666,64472, 0930
1667,923796, 1231
1668,886744, 1231
1669,912463, 0201
1670,1392380, 1231
1671,50725, 0930
1672,6, 40
1673,1342287, 0630
1674,42888, 1227
1675,1131324, 1231
1676,1282977, 1231
1677,716314, 0331
1678,30, 40
1679,1031623, 1231
1680,1719489, 0930
1681,821002, 0131
1682,9, 40
1683,882095, 1231
1684,1231, 40
1685,40704, 0529
1686,1143513, 0930
1687,1372020, 1231
1688,0, 40
1689,0, 40
1690,746210, 1231
1691,1323468, 1231
1692,1385613, 40
1693,41719, 1231
1694,1366246, 1231
1695,24741, 1231
1696,1467858, 1231
1697,1326380, 0201
1698,1231, 40
1699,1275229, 1231
1700,1502034, 1231
1701,1528356, 1231
1702,1326200, 1
1703,1487371, 1231
1704,1474735, 1231
1705,355811, 1231
1706,1276520, 1231
1707,1231, 40
1708,756894, 40
1709,1672013, 1231
1710,1234006, 1231
1711,1652044, 1231
1712,1160791, 1231
1713,40987, 1231
1714,1031203, 1231
1715,1408075, 1231
1716,17, 40
1717,1123360, 1231
1718,874499, 1231
1719,1309402, 1231
1720,1500435, 1231
1721,39911, 0202
1722,70415, 1231
1723,1045309, 1231
1724,42682, 1231
1725,1438569, 40
1726,1121788, 40
1727,1490281, 1231
1728,886982, 1231
1729,1366868, 1231
1730,1112920, 1231
1731,854560, 1231
1732,1126741, 0331
1733,1131399, 40
1734,1430725, 40
1735,12, 40
1736,903571, 40
1737,42582, 1231
1738,1273441, 40
1739,825324, 0924
1740,892553, 1231
1741,43196, 1231
1742,1171662, 1231
1743,1052752, 1231
1744,861459, 1231
1745,944480, 1231
1746,1012620, 1231
1747,1528396, 0731
1748,277135, 1231
1749,1468174, 1231
1750,1172222, 1231
1751,313143, 0328
1752,1109242, 1231
1753,910406, 0630
1754,45012, 1231
1755,819913, 1231
1756,1159036, 1231
1757,46080, 1229
1758,858655, 0930
1759,49196, 1231
1760,1436425, 1231
1761,1359841, 1228
1762,1123494, 1231
1763,1231, 40
1764,706129, 1231
1765,860730, 1231
1766,1691303, 1231
1767,1403431, 0103
1768,1057379, 1227
1769,765880, 1231
1770,731012, 1231
1771,354950, 0202
1772,925528, 1231
1773,354707, 1231
1774,1339605, 1231
1775,46619, 1031
1776,916789, 40
1777,1283140, 1231
1778,4447, 1231
1779,48039, 1231
1780,1046025, 1231
1781,1498828, 1231
1782,45919, 1231
1783,1417398, 0930
1784,1017480, 0201
1785,874766, 1231
1786,1501585, 1231
1787,1287808, 1231
1788,1231, 40
1789,921082, 1231
1790,719413, 1231
1791,1180262, 40
1792,851310, 1231
1793,866829, 1231
1794,331, 40
1795,850141, 1231
1796,1518715, 1231
1797,1196501, 1231
1798,48287, 1228
1799,788965, 1231
1800,1077688, 0131
1801,793952, 1231
1802,3, 40
1803,859737, 0928
1804,1331520, 1231
1805,1646228, 0125
1806,773840, 1231
1807,1131227, 1231
1808,357294, 1031
1809,46765, 0930
1810,1482512, 1231
1811,47217, 1031
1812,899749, 1231
1813,12659, 0430
1814,47518, 0930
1815,48465, 1027
1816,1487428, 1231
1817,45876, 1231
1818,1000228, 1228
1819,1066605, 1231
1820,1038133, 1231
1821,1210708, 1231
1822,1070750, 1231
1823,1095565, 1231
1824,47111, 1231
1825,1063344, 1231
1826,1053352, 1231
1827,1280784, 19
1828,1265131, 1231
1829,24, 40
1830,799233, 1231
1831,920112, 1231
1832,1657853, 1231
1833,940942, 1231
1834,49071, 1231
1835,1307954, 1231
1836,1289848, 1231
1837,216085, 1231
1838,1356949, 1231
1839,717605, 1231
1840,1492426, 40
1841,1057060, 0930
1842,1231, 40
1843,917520, 1231
1844,21, 1231
1845,39311, 1231
1846,933141, 1231
1847,1381197, 1231
1848,51143, 1231
1849,331, 40
1850,749660, 1231
1851,1571949, 1231
1852,1362004, 1231
1853,531, 40
1854,857737, 1231
1855,883984, 1231
1856,1057877, 1231
1857,1405495, 1231
1858,1040896, 1231
1859,861838, 1231
1860,4187, 1231
1861,874716, 1231
1862,49728, 0930
1863,813762, 1231
1864,832101, 1231
1865,51253, 1231
1866,1326205, 0331
1867,1, 40
1868,764401, 0928
1869,88790, 1231
1870,820318, 0630
1871,1110803, 1229
1872,921582, 40
1873,855654, 1231
1874,1058811, 1231
1875,722830, 1231
1876,1231, 40
1877,1231, 40
1878,1056386, 1231
1879,879169, 1231
1880,776901, 1231
1881,1113148, 1231
1882,1138639, 1228
1883,1337013, 1231
1884,12, 40
1885,1497645, 1231
1886,1055726, 1231
1887,903651, 1231
1888,1104506, 1231
1889,1609550, 1231
1890,789460, 1231
1891,50863, 1228
1892,913760, 0930
1893,1036262, 1231
1894,896878, 0731
1895,829323, 1231
1896,1036044, 1231
1897,1350381, 1231
1898,7, 40
1899,866609, 1231
1900,1054905, 1231
1901,51434, 1231
1902,822663, 1231
1903,51644, 1231
1904,1111928, 1231
1905,1160958, 1231
1906,1364099, 1231
1907,1421461, 1231
1908,1466258, 40
1909,1159167, 1228
1910,1418819, 1231
1911,798359, 1231
1912,1006045, 1228
1913,1020569, 1231
1914,933267, 40
1915,1446847, 1231
1916,1326807, 0630
1917,943034, 1231
1918,728387, 0630
1919,1035267, 1231
1920,749251, 1231
1921,350868, 0331
1922,780571, 1231
1923,1231, 40
1924,216228, 1231
1925,1, 40
1926,49826, 1231
1927,1001902, 1231
1928,742112, 1231
1929,1437071, 1231
1930,914208, 0
1931,807882, 0929
1932,1685715, 1231
1933,1009829, 1231
1934,1617227, 1230
1935,1232524, 40
1936,728535, 1231
1937,898293, 0831
1938,1158463, 1231
1939,1433660, 1231
1940,833444, 40
1941,1084048, 1231
1942,1166126, 0130
1943,22701, 1231
1944,331, 40
1945,52988, 0927
1946,785956, 0928
1947,779152, 0630
1948,1231, 40
1949,1037976, 1231
1950,1302350, 1231
1951,200406, 1229
1952,1043604, 1231
1953,1231, 40
1954,745308, 1231
1955,788329, 0927
1956,19617, 1231
1957,1007019, 1031
1958,72333, 0201
1959,55067, 1228
1960,886346, 1228
1961,811596, 1231
1962,54381, 1231
1963,1395942, 1231
1964,795266, 1130
1965,1357615, 1231
1966,318996, 1231
1967,55135, 1229
1968,887730, 0331
1969,55529, 0430
1970,56047, 1231
1971,91576, 1231
1972,930420, 1231
1973,56679, 0430
1974,701818, 40
1975,879101, 1231
1976,33992, 1231
1977,1056285, 0201
1978,1404912, 1231
1979,319201, 0630
1980,56978, 40
1981,55785, 1231
1982,1506307, 1231
1983,860748, 1231
1984,55242, 0630
1985,1170010, 0229
1986,1011570, 1231
1987,1492691, 1231
1988,21344, 1231
1989,19, 40
1990,811212, 1231
1991,1315257, 1231
1992,771266, 1228
1993,1509991, 1231
1994,56873, 0201
1995,1321646, 1231
1996,1025996, 1231
1997,1286043, 1231
1998,1295664, 1
1999,1257640, 1231
2000,885639, 0201
2001,54480, 1231
2002,719733, 0629
2003,1069258, 1229
2004,1007587, 1231
2005,1408100, 1231
2006,81362, 1231
2007,60086, 1231
2008,1023128, 1231
2009,798081, 0131
2010,1090425, 1231
2011,57515, 0630
2012,703604, 1231
2013,1311370, 40
2014,846901, 1231
2015,1570585, 40
2016,902274, 1231
2017,57725, 0630
2018,1074902, 1231
2019,60977, 1231
2020,842162, 1231
2021,59527, 1231
2022,1333822, 40
2023,58361, 0929
2024,58492, 1231
2025,920760, 1130
2026,889331, 1229
2027,886163, 1231
2028,920148, 1231
2029,1303313, 1231
2030,1073431, 1231
2031,1069202, 1231
2032,1286613, 1231
2033,721994, 1231
2034,1396033, 1231
2035,1391127, 1231
2036,59478, 1231
2037,704051, 0331
2038,1158895, 1231
2039,1342423, 1031
2040,1033905, 1231
2041,936468, 1231
2042,59558, 1231
2043,1005286, 0526
2044,3570, 1231
2045,836157, 0831
2046,352541, 1231
2047,1080340, 1231
2048,1120970, 1231
2049,1032975, 0331
2050,1420302, 1231
2051,1434588, 1231
2052,16, 40
2053,60667, 0131
2054,1528129, 1231
2055,10, 40
2056,1397911, 1231
2057,1102993, 1231
2058,889971, 0630
2059,60519, 1231
2060,1235468, 0930
2061,707549, 0628
2062,1157408, 0630
2063,855658, 0102
2064,944314, 1231
2065,853816, 1228
2066,887905, 1231
2067,1076195, 1231
2068,1114925, 0630
2069,1029730, 1231
2070,16099, 0828
2071,1397187, 40
2072,1239819, 1231
2073,92380, 1231
2074,1300514, 1231
2075,814586, 1231
2076,910108, 1231
2077,1062822, 1231
2078,60714, 1231
2079,1489393, 7
2080,763532, 0630
2081,1335258, 1231
2082,57131, 0427
2083,794367, 0201
2084,1141391, 1231
2085,912595, 1231
2086,912242, 1231
2087,1274792, 1231
2088,1, 40
2089,1396440, 1231
2090,871763, 1231
2091,1056696, 1231
2092,892537, 1231
2093,1048286, 1231
2094,1368365, 1231
2095,62996, 1231
2096,937556, 1228
2097,63276, 1231
2098,63296, 0930
2099,11, 40
2100,1042729, 1231
2101,1053584, 1231
2102,1490349, 06
2103,63908, 1231
2104,1527709, 1231
2105,1071993, 1231
2106,827054, 0331
2107,1224133, 1231
2108,927653, 0331
2109,1059556, 1231
2110,907242, 1231
2111,62234, 1226
2112,64996, 1231
2113,893949, 1231
2114,773141, 1231
2115,876883, 6
2116,1113481, 1231
2117,65011, 0630
2118,708819, 1
2119,1124804, 1231
2120,1613103, 40
2121,67716, 1231
2122,910329, 1231
2123,65270, 0502
2124,1099590, 40
2125,886977, 40
2126,75659, 1231
2127,1099219, 1231
2128,1055160, 1231
2129,1086888, 40
2130,1094810, 1231
2131,1436126, 1231
2132,749098, 40
2133,1273931, 1231
2134,1231, 40
2135,19411, 1231
2136,789570, 1231
2137,835011, 1231
2138,752714, 1231
2139,851968, 1231
2140,1412100, 40
2141,799292, 1231
2142,1289790, 1231
2143,769520, 1228
2144,926423, 0131
2145,911109, 1231
2146,807863, 0930
2147,1514281, 1231
2148,63754, 1130
2149,1096343, 1231
2150,1049502, 1231
2151,1278021, 1231
2152,724004, 0331
2153,66382, 0530
2154,89439, 1228
2155,916076, 1231
2156,1356104, 3
2157,1550603, 0930
2158,62709, 1231
2159,1578732, 1231
2160,1176334, 1231
2161,66740, 1231
2162,1126975, 1231
2163,1032220, 0930
2164,856982, 1231
2165,331, 40
2166,1524223, 1231
2167,1056087, 1229
2168,899460, 1231
2169,67625, 0930
2170,876427, 0328
2171,865752, 1231
2172,1235010, 1231
2173,1302028, 1231
2174,764180, 1231
2175,67347, 0331
2176,1412665, 1231
2177,1179929, 1231
2178,1289419, 1231
2179,1285785, 1231
2180,890394, 1231
2181,72573, 0131
2182,918251, 0331
2183,1510295, 1231
2184,1287865, 1231
2185,1280452, 1231
2186,1129155, 1231
2187,1600470, 1231
2188,1439095, 1231
2189,1049521, 0703
2190,310158, 1231
2191,1260968, 1231
2192,101778, 1231
2193,799167, 1231
2194,1058057, 40
2195,895421, 1231
2196,66570, 1231
2197,1408198, 1231
2198,66004, 1231
2199,789019, 0630
2200,1636519, 0630
2201,68505, 1231
2202,1003078, 0829
2203,880432, 0630
2204,1050446, 1231
2205,1243429, 40
2206,36270, 1231
2207,1037646, 1231
2208,1520006, 1231
2209,876437, 1231
2210,833079, 1231
2211,812011, 0731
2212,1113256, 0930
2213,1104657, 1231
2214,866273, 0630
2215,68709, 0928
2216,1493594, 0930
2217,61986, 1231
2218,891014, 1231
2219,15615, 1231
2220,717423, 1231
2221,1573516, 1231
2222,314203, 40
2223,1099941, 09
2224,65770, 1231
2225,1350593, 0930
2226,1325702, 40
2227,743316, 0627
2228,1288469, 1231
2229,69488, 1231
2230,899923, 0630
2231,1623613, 40
2232,700923, 1231
2233,29, 40
2234,935494, 1231
2235,275053, 1231
2236,1399855, 0531
2237,808450, 1031
2238,810509, 1231
2239,914475, 1231
2240,72207, 1231
2241,811831, 0630
2242,1163739, 40
2243,790359, 1231
2244,1389545, 1231
2245,1377630, 1226
2246,70866, 1231
2247,1120193, 1231
2248,72331, 1031
2249,1458891, 40
2250,753308, 1231
2251,1164727, 1231
2252,711377, 0531
2253,87050, 40
2254,1603145, 1231
2255,1401395, 40
2256,1282637, 1231
2257,1587987, 1231
2258,1493225, 1231
2259,70145, 0930
2260,1065280, 1231
2261,1173420, 40
2262,26, 40
2263,1504461, 0331
2264,1084991, 1231
2265,877860, 1231
2266,1111711, 1231
2267,8, 40
2268,1037016, 1231
2269,1532286, 1231
2270,1231, 40
2271,356309, 0930
2272,320187, 0531
2273,796534, 1231
2274,906709, 1231
2275,1126234, 1231
2276,1078207, 1231
2277,1492633, 7
2278,1282631, 1228
2279,1043219, 1231
2280,1333172, 40
2281,1496099, 18
2282,1231, 40
2283,1437260, 40
2284,918541, 1231
2285,751364, 1231
2286,4, 40
2287,1133421, 1231
2288,40, NULL
2289,1231, 40
2290,1021860, 1231
2291,1296435, 1231
2292,1164863, 1231
2293,1227025, 1231
2294,71829, 1231
2295,70487, 1231
2296,1013871, 1231
2297,1163370, 1231
2298,1171486, 1231
2299,1110805, 1231
2300,702165, 1231
2301,932696, 1231
2302,1000753, 1231
2303,69633, 0630
2304,1002047, 0424
2305,1078075, 0331
2306,22, 40
2307,1122904, 1231
2308,875582, 0831
2309,748592, 1231
2310,73124, 1231
2311,1039280, 0630
2312,1002517, 0930
2313,73309, 1231
2314,1289850, 1231
2315,1021561, 1231
2316,1142596, 1231
2317,1000694, 1231
2318,1045810, 0126
2319,724910, 0331
2320,1109345, 40
2321,353278, 40
2322,906163, 1231
2323,1114448, 40
2324,1471265, 1231
2325,73088, 1231
2326,814453, 40
2327,1733998, 1231
2328,1001385, 1231
2329,1564708, 0630
2330,1564708, 0630
2331,1423221, 1031
2332,1413447, 2010
2333,1142417, 1231
2334,1273685, 1231
2335,71691, 1229
2336,726728, 1231
2337,1486159, 1231
2338,1370946, 1231
2339,1004702, 1231
2340,873860, 1231
2341,878927, 1231
2342,800240, 1228
2343,1409375, 0331
2344,860546, 1231
2345,1030469, 1231
2346,884624, 1231
2347,1021635, 1231
2348,888491, 1231
2349,812074, 1231
2350,73756, 1231
2351,1231, 40
2352,1121484, 1231
2353,1039684, 1231
2354,1253317, 1231
2355,74303, 1231
2356,712770, 1231
2357,1231, 40
2358,29989, 1231
2359,926326, 1231
2360,1285819, 1231
2361,798528, 1231
2362,75252, 1231
2363,1090061, 1130
2364,707179, 1231
2365,1231, 40
2366,944809, 1231
2367,1108924, 0331
2368,1378140, 0430
2369,1296445, 1231
2370,1361983, 1231
2371,1341439, 0531
2372,74260, 1231
2373,1374756, 0630
2374,898173, 1231
2375,1402829, 1231
2376,826154, 1231
2377,357173, 1231
2378,1039065, 0630
2379,775158, 0930
2380,1130713, 1231
2381,1116463, 1231
2382,1002638, 40
2383,1466593, 1231
2384,75288, 0201
2385,797468, 1231
2386,1070423, 1231
2387,1231, 40
2388,1231, 40
2389,1299130, 1231
2390,1299130, 1231
2391,1102112, 1231
2392,1019849, 1231
2393,1231, 40
2394,1005284, 1231
2395,708821, 1231
2396,76605, 1231
2397,723531, 0531
2398,1068851, 1231
2399,1231, 40
2400,1378946, 1231
2401,1295947, 0331
2402,78814, 1231
2403,2, 40
2404,75362, 1231
2405,1004980, 1231
2406,1338749, 1231
2407,1204413, 40
2408,1396814, 1231
2409,1057083, 40
2410,50471, 0630
2411,276720, 0831
2412,891024, 0425
2413,1120914, 1231
2414,882104, 1231
2415,1042776, 1231
2416,1013605, 40
2417,1474098, 1231
2418,318300, 1231
2419,788784, 1231
2420,1013857, 1231
2421,77281, 1231
2422,778164, 1231
2423,921738, 1231
2424,77476, 1228
2425,1338940, 40
2426,891532, 1231
2427,1040130, 0331
2428,1231, 1231
2429,78003, 1231
2430,1126328, 1231
2431,1504619, 16
2432,1212458, 1231
2433,1178970, 1231
2434,1095315, 1231
2435,80424, 0630
2436,1050743, 1231
2437,835887, 1231
2438,80661, 1231
2439,1354327, 1228
2440,76334, 0630
2441,313216, 40
2442,822416, 40
2443,315131, 0930
2444,931015, 1231
2445,278130, 0229
2446,1230245, 1231
2447,1315399, 1231
2448,76267, 0301
2449,75677, 1231
2450,31791, 1229
2451,76282, 1231
2452,810136, 1031
2453,1041859, 0131
2454,1045609, 1231
2455,29, 40
2456,40, NULL
2457,1287213, 1231
2458,914025, 0331
2459,1093691, 1231
2460,1022408, 0331
2461,1006281, 40
2462,785786, 0929
2463,1413329, 1231
2464,1109546, 1231
2465,1464423, 1231
2466,713676, 1231
2467,1115055, 1231
2468,1108426, 1231
2469,1383414, 05
2470,77360, 40
2471,764622, 1231
2472,1145197, 1231
2473,1122976, 1231
2474,945841, 1231
2475,784977, 1231
2476,1530950, 0930
2477,833640, 1231
2478,80420, 0930
2479,1028918, 1231
2480,802481, 1229
2481,79879, 1231
2482,922224, 1231
2483,1127703, 1231
2484,1185348, 1231
2485,887226, 0630
2486,1085869, 1231
2487,1585364, 40
2488,876167, 1130
2489,1007330, 1231
2490,1475922, 1231
2491,1361538, 1231
2492,805676, 1231
2493,914139, 1231
2494,1443669, 1231
2495,1365101, 1231
2496,1392972, 1231
2497,1010470, 0630
2498,1220754, 1231
2499,1378950, 1228
2500,1137774, 1231
2501,1393311, 1231
2502,866368, 1231
2503,1287032, 01
2504,1041803, 0831
2505,1158780, 40
2506,1534701, 1231
2507,889900, 1231
2508,1445283, 2011
2509,911216, 0630
2510,1231, 40
2511,1231, 40
2512,78239, 0202
2513,1050915, 1231
2514,1038357, 1231
2515,1040161, 1231
2516,1399249, 1231
2517,901491, 1229
2518,1036188, 0131
2519,1036188, 0131
2520,758938, 1231
2521,804328, 0929
2522,906465, 1231
2523,353569, 1231
2524,1108827, 1231
2525,1015820, 40
2526,1117297, 0630
2527,1481792, 1231
2528,882508, 1231
2529,85961, 1231
2530,84129, 0229
2531,1320854, 1231
2532,82166, 0131
2533,1046102, 40
2534,82811, 1228
2535,921557, 1231
2536,1410172, 1231
2537,844150, 40
2538,1527590, 1231
2539,1231, 40
2540,933036, 1231
2541,895456, 1231
2542,884887, 1231
2543,700841, 1228
2544,1231, 40
2545,716634, 1231
2546,890926, 1231
2547,790526, 1231
2548,1231, 40
2549,1135951, 40
2550,1095073, 40
2551,1084765, 0530
2552,1140215, 1231
2553,793524, 1231
2554,910606, 1231
2555,1463258, 1231
2556,872589, 1231
2557,355948, 0530
2558,1509223, 40
2559,742278, 1231
2560,887921, 1231
2561,744187, 0131
2562,1281761, 1231
2563,740664, 1031
2564,898174, 1231
2565,1069533, 0930
2566,730272, 1231
2567,85535, 0630
2568,95029, 1231
2569,716643, 0630
2570,315213, 1231
2571,935419, 0930
2572,1451505, 40
2573,1034842, 1231
2574,720005, 0930
2575,1037038, 0328
2576,1171155, 0630
2577,1052595, 1231
2578,84246, 1231
2579,1511337, 1231
2580,1519401, 1231
2581,917273, 1231
2582,1616262, 0229
2583,943819, 0630
2584,1041024, 1231
2585,1162112, 1231
2586,913144, 40
2587,715072, 1231
2588,1046327, 1231
2589,912562, 1231
2590,84748, 1231
2591,1407623, 1231
2592,1024478, 0930
2593,84839, 1231
2594,1324948, 0328
2595,882835, 1231
2596,1659122, 1231
2597,745732, 0201
2598,1538822, 1231
2599,1286225, 1231
2600,1222840, 1231
2601,110621, 0531
2602,842183, 1231
2603,315852, 1231
2604,29669, 1231
2605,1171759, 1229
2606,1440024, 1231
2607,861884, 1231
2608,1060391, 1231
2609,1351285, 1231
2610,1760173, 1231
2611,1047122, 1231
2612,1012019, 1231
2613,1324272, 1229
2614,1041368, 0331
2615,930236, 1231
2616,1439288, 0331
2617,1000275, 40
2618,331, 40
2619,52827, 1231
2620,101830, 0331
2621,812128, 1031
2622,1172052, 1231
2623,1043509, 1231
2624,1177702, 1231
2625,1050606, 1231
2626,949870, 1229
2627,897723, 0928
2628,1477246, 0630
2629,1000184, 40
2630,1377936, 03
2631,824410, 1231
2632,1415404, 1231
2633,1498710, 1231
2634,9, 40
2635,1034054, 1231
2636,730708, 1231
2637,912752, 1231
2638,1368458, 0930
2639,1386716, 40
2640,1231, 40
2641,1492298, 1231
2642,1231, 40
2643,705432, 1231
2644,829224, 0929
2645,1001838, 1231
2646,866729, 0531
2647,912603, 0831
2648,316709, 1231
2649,89089, 1231
2650,94049, 1231
2651,895665, 1231
2652,1158172, 1231
2653,1050825, 0228
2654,918965, 0630
2655,895447, 0202
2656,1349436, 1231
2657,2, 40
2658,1231, 40
2659,1019671, 0131
2660,1012100, 1231
2661,350894, 1231
2662,1320414, 1231
2663,1489136, 1231
2664,720672, 1231
2665,86115, 1231
2666,20, 40
2667,90498, 1231
2668,1090009, 1231
2669,16, 40
2670,886136, 1231
2671,95574, 1231
2672,1060736, 1231
2673,1001233, 1231
2674,750004, 1231
2675,1004989, 1231
2676,1035092, 1231
2677,354963, 1231
2678,1448397, 40
2679,904979, 1031
2680,1295810, 1231
2681,913241, 1231
2682,89800, 1231
2683,1231, 40
2684,832988, 40
2685,1010086, 1231
2686,230557, 1231
2687,790715, 0130
2688,916793, 40
2689,1231, 40
2690,1094005, 40
2691,908937, 1231
2692,719739, 1231
2693,701374, 1231
2694,91928, 1231
2695,91419, 0430
2696,831, 40
2697,766829, 1231
2698,899715, 1231
2699,1065837, 1231
2700,90896, 0328
2701,793733, 1231
2702,1038074, 1228
2703,87347, 8
2704,1524741, 1231
2705,1097362, 40
2706,1040971, 1231
2707,849869, 1231
2708,1032033, 1231
2709,1023459, 0831
2710,1418076, 1231
2711,893538, 1231
2712,1375365, 0630
2713,898770, 0630
2714,825542, 0930
2715,93389, 1231
2716,884940, 0201
2717,948708, 1231
2718,88941, 0126
2719,1108320, 40
2720,91440, 1228
2721,1131554, 1231
2722,313838, 40
2723,1075415, 1231
2724,1231, 40
2725,883241, 1031
2726,1061027, 1231
2727,18349, 1231
2728,1177394, 1130
2729,1121404, 40
2730,92122, 1231
2731,1029744, 0930
2732,1231, 40
2733,1417892, 40
2734,91767, 1231
2735,1325670, 1231
2736,714284, 40
2737,743238, 1231
2738,1063761, 1231
2739,1005210, 0928
2740,1353283, 0131
2741,1231, 40
2742,831547, 1231
2743,1364885, 1231
2744,1104855, 1231
2745,1092699, 1231
2746,877422, 1228
2747,867773, 1229
2748,909037, 40
2749,1231, 40
2750,1126956, 0930
2751,34782, 1231
2752,861878, 1231
2753,924717, 0930
2754,1032208, 1231
2755,1310114, 1231
2756,1043337, 1231
2757,1031029, 1231
2758,1031029, 1231
2759,920371, 1231
2760,6885, 0201
2761,1402436, 1231
2762,832428, 1231
2763,1332639, 40
2764,3, 3
2765,1477294, 40
2766,718937, 0103
2767,1479094, 1231
2768,719220, 1231
2769,94344, 1231
2770,1757898, 40
2771,874977, 1231
2772,750556, 1231
2773,351834, 40
2774,1070154, 1231
2775,1022671, 1231
2776,797465, 1231
2777,932787, 40
2778,1082923, 1231
2779,1131383, 40
2780,1483934, 40
2781,1286131, 1231
2782,1013934, 1231
2783,874238, 1231
2784,1008586, 0131
2785,933034, 0628
2786,93751, 1231
2787,1465128, 1231
2788,1137789, 40
2789,16918, 0229
2790,12, 40
2791,912593, 1231
2792,1314772, 1228
2793,1552275, 1231
2794,1508171, 1231
2795,95552, 1231
2796,1356576, 1231
2797,1084201, 40
2798,1052045, 1231
2799,1428669, 1231
2800,1111863, 40
2801,93556, 1228
2802,4127, 0927
2803,1000623, 1231
2804,7332, 1231
2805,1692115, 1231
2806,1514705, 1231
2807,310354, 0630
2808,310142, 1231
2809,835324, 1231
2810,310764, 1231
2811,1010612, 1231
2812,849399, 0403
2813,894158, 1231
2814,817720, 0627
2815,1408278, 1231
2816,95953, 1231
2817,864240, 1231
2818,945114, 1231
2819,96021, 0627
2820,732717, 1231
2821,1378453, 1231
2822,1231, 40
2823,1017303, 1231
2824,9, 40
2825,24545, 1231
2826,906338, 40
2827,809248, 1231
2828,1092289, 0
2829,40, NULL
2830,768899, 1229
2831,1447051, 1231
2832,1231, 40
2833,1077428, 1231
2834,356171, 1231
2835,890319, 1231
2836,1075607, 1231
2837,1370755, 02
2838,1464963, 1231
2839,909494, 40
2840,947263, 40
2841,816761, 1231
2842,1260221, 0930
2843,1051512, 1231
2844,98222, 1231
2845,1094285, 1229
2846,790703, 0928
2847,842023, 0630
2848,1231, 40
2849,1385157, 40
2850,1024725, 1231
2851,30, 40
2852,97210, 1231
2853,927355, 0329
2854,818686, 40
2855,97216, 1231
2856,1381668, 0930
2857,96943, 1231
2858,1231, 40
2859,878518, 40
2860,1633651, 1231
2861,1231, 40
2862,1021162, 0331
2863,1231, 40
2864,27419, 0131
2865,70318, 1231
2866,714562, 1231
2867,944695, 1231
2868,730263, 0731
2869,1609727, 1231
2870,1489096, 0331
2871,1320695, 1231
2872,98246, 0131
2873,318833, 1231
2874,1409171, 0131
2875,1675820, 1231
2876,109198, 0131
2877,8, 40
2878,98362, 1231
2879,909724, 1231
2880,331, 40
2881,97745, 1231
2882,1005817, 1231
2883,1474439, 0630
2884,97134, 1231
2885,1231, 40
2886,3, 40
2887,794170, 1031
2888,1382298, 40
2889,879764, 40
2890,879764, 40
2891,77543, 1231
2892,1206264, 1231
2893,1434621, 1231
2894,1069878, 1231
2895,1389170, 1231
2896,1075124, 40
2897,1231, 40
2898,1526520, 1231
2899,864749, 0103
2900,36146, 1231
2901,99780, 1231
2902,1476150, 1231
2903,99302, 0328
2904,1113169, 1231
2905,1232384, 40
2906,842633, 1231
2907,357301, 1231
2908,1552033, 1231
2909,86312, 1231
2910,4, 40
2911,1046050, 0930
2912,916365, 1228
2913,1231, 40
2914,1318605, 1231
2915,1231, 40
2916,100493, 0928
2917,5, 40
2918,737758, 1031
2919,1013880, 1231
2920,831641, 0929
2921,1293282, 40
2922,844965, 1231
2923,1116942, 1231
2924,946581, 0331
2925,18, 40
2926,878726, 0630
2927,1008654, 1228
2928,912892, 40
2929,1758730, 1231
2930,899751, 1231
2931,100378, 0630
2932,1465740, 1231
2933,1231, 40
2934,97476, 1231
2935,1289460, 1231
2936,217346, 0104
2937,860731, 1231
2938,1133311, 1231
2939,1336917, 1231
2940,100517, 1231
2941,1425292, 1231
2942,1029800, 1031
2943,1610520, 40
2944,729986, 1231
2945,857855, 1231
2946,707886, 1231
2947,1275014, 1227
2948,74208, 1231
2949,101984, 1231
2950,1041514, 40
2951,101199, 1231
2952,100726, 0630
2953,912767, 1228
2954,914156, 1231
2955,1381531, 1231
2956,884614, 0930
2957,1231, 40
2958,4457, 0331
2959,352915, 1231
2960,746838, 1231
2961,875657, 1231
2962,1403568, 0201
2963,101382, 1231
2964,1231, 40
2965,752642, 1231
2966,1077771, 1231
2967,717954, 0831
2968,1020859, 0803
2969,731766, 1231
2970,5513, 1231
2971,100885, 1231
2972,798949, 1231
2973,1090727, 1231
2974,912615, 0131
2975,1375205, 4
2976,1067701, 1231
2977,883945, 1231
2978,931584, 1231
2979,896429, 0630
2980,36104, 1231
2981,1073429, 1231
2982,101594, 1231
2983,821130, 1231
2984,896264, 1228
2985,885978, 1231
2986,1082554, 1231
2987,1261654, 0930
2988,755001, 1231
2989,1030471, 40
2990,101829, 1231
2991,891166, 1231
2992,102212, 1231
2993,102037, 0331
2994,1403161, 0930
2995,1524358, 1231
2996,917851, 40
2997,203527, 0927
2998,1111335, 1231
2999,1129260, 1231
3000,103145, 1231
3001,103379, 0328
3002,1272830, 1231
3003,59440, 1231
3004,1339947, 0930
3005,1339947, 0930
3006,751978, 1231
3007,1231, 40
3008,751365, 0131
3009,20, 40
3010,794172, 0930
3011,1035002, 1231
3012,714310, 1231
3013,1396009, 1231
3014,102729, 1228
3015,1124610, 0131
3016,1347178, 1231
3017,6, 40
3018,899689, 1231
3019,807707, 0229
3020,1487952, 1231
3021,1495320, 0201
3022,926617, 1231
3023,1166388, 0131
3024,1421182, 1231
3025,1442145, 1231
3026,1014473, 1231
3027,883237, 1231
3028,1207074, 0331
3029,875320, 1231
3030,797721, 0331
3031,102752, 1231
3032,103730, 1231
3033,1360530, 1229
3034,1526119, 1231
3035,740260, 1231
3036,884219, 1231
3037,881524, 1231
3038,732712, 1231
3039,943452, 1231
3040,311094, 1231
3041,936528, 0930
3042,1378718, 2008
3043,1212545, 1231
3044,737468, 1231
3045,1000697, 1231
3046,1390844, 1231
3047,801337, 1231
3048,929008, 1231
3049,1279363, 1231
3050,1318220, 40
3051,1497770, 1231
3052,106040, 0703
3053,105132, 0831
3054,1052100, 1231
3055,783325, 1231
3056,30697, 1229
3057,793074, 1231
3058,1423902, 1231
3059,880631, 1231
3060,1309108, 1231
3061,106532, 1231
3062,72971, 1231
3063,107687, 0831
3064,1722684, 1231
3065,106640, 1231
3066,1169988, 1231
3067,850460, 1231
3068,1123799, 40
3069,1370450, 1228
3070,1262823, 1231
3071,1255474, 1231
3072,823768, 1231
3073,107263, 1231
3074,1492658, 40
3075,1604028, 0331
3076,104169, 0131
3077,879526, 1231
3078,331, 40
3079,108516, 0531
3080,1025378, 1231
3081,806968, 40
3082,1370416, 40
3083,1518832, 1231
3084,11544, 1231
3085,104894, 1231
3086,828916, 1231
3087,108385, 0331
3088,203596, 1231
3089,1329517, 1231
3090,828944, 1231
3091,719955, 0129
3092,105016, 1231
3093,1175535, 1231
3094,105770, 1231
3095,945983, 1231
3096,1002135, 0331
3097,1166928, 1231
3098,1015328, 1231
3099,1288403, 1231
3100,776867, 0
3101,78128, 1231
3102,795403, 1231
3103,1365135, 1231
3104,108312, 0930
3105,1091907, 1231
3106,110471, 1228
3107,106535, 1231
3108,1174922, 1231
3109,1034760, 1231
3110,1163302, 1231
3111,1168054, 1231
3112,72903, 1231
3113,743988, 0328
3114,34088, 1231
3115,791908, 1231
3116,1166003, 1231
3117,818479, 1231
3118,1231, 40
3119,1524472, 1231
3120,775368, 1231
3121,1345016, 1231
3122,7, 40
3123,108985, 1231
3124,904851, 40
3125,716006, 1231
3126,1041061, 1231
3127,1617640, 1231
3128,1296205, 1231
3129,877212, 1231
3130,917470, 1231
3131,1375151, 1231
3132,109380, 1231
3133,1107421, 1231
3134,855612, 1231
3135,1439404, 1231
3136,1318008, 0201