,Unnamed: 0,cik,year_end,symbol
0,0,1090872, 1031,A
1,1,1675149, 1231,AA
2,2,706688, 1231,AAN
3,3,824142, 1231,AAON
4,4,1158449, 1228,AAP
5,5,320193, 0928,AAPL
6,6,1500217, 1231,AAT
7,7,1135185, 1231,AAWW
8,8,825313, 1231,AB
9,9,1091587, 40,ABB
10,10,1140859, 0930,ABC
11,11,351569, 1231,ABCB
12,12,1144980, 1231,ABG
13,13,771497, 1031,ABM
14,14,815094, 0331,ABMD
15,15,1253986, 1231,ABR
16,16,1800, 1231,ABT
17,17,1070494, 1231,ACAD
18,18,1283630, 1231,ACC
19,19,712034, 1231,ACCO
20,20,947484, 40,ACGL
21,21,1520697, 1231,ACHC
22,22,1070336, 1231,ACHN
23,23,935036, 1231,ACIW
24,24,1113232, 1231,ACLS
25,25,868857, 0928,ACM
26,26,1467373, 40,ACN
27,27,1008848, 1231,ACOR
28,28,1529377, 40,ACRE
29,29,1427925, 1231,ACRX
30,30,934549, 1231,ACTG
31,31,2098, 1231,ACU
32,32,1036848, 1231,ACY
33,33,796343, 1130,ADBE
34,34,917251, 1231,ADC
35,35,1515156, 1231,ADES
36,36,6281, 1102,ADI
37,37,7084, 1231,ADM
38,38,8670, 0630,ADP
39,39,1101215, 1231,ADS
40,40,769397, 0131,ADSK
41,41,926282, 1231,ADTN
42,42,1468328, 1231,ADUS
43,43,1002910, 1231,AEE
44,44,353020, 1231,AEGN
45,45,1040470, 0531,AEHR
46,46,927003, 1231,AEIS
47,47,1039828, 1231,AEL
48,48,1231, 40,AEM
49,49,919012, 0201,AEO
50,50,4904, 1231,AEP
51,51,1378789, 40,AER
52,52,874761, 1231,AES
53,53,25, 40,AEZS
54,54,1042046, 1231,AFG
55,55,4977, 1231,AFL
56,56,1308648, 40,AG
57,57,880266, 1231,AGCO
58,58,1098972, 1231,AGEN
59,59,845877, 1231,AGM
60,60,1578845, 40,AGN
61,61,1423689, 1231,AGNC
62,62,1273813, 40,AGO
63,63,1231, 40,AGRO
64,64,100591, 0131,AGX
65,65,78749, 40,AGYS
66,66,1232582, 1231,AHT
67,67,1209028, 1231,AI
68,68,5272, 1231,AIG
69,69,1374535, 1231,AIMC
70,70,819793, 1231,AIN
71,71,1278752, 0001278752,AINV
72,72,1750, 0531,AIR
73,73,109563, 0630,AIT
74,74,922864, 1231,AIV
75,75,1267238, 1231,AIZ
76,76,354190, 1231,AJG
77,77,1086222, 1231,AKAM
78,78,899629, 1231,AKR
79,79,3116, 1231,AKRX
80,80,918160, 1231,AKS
81,81,1487712, 1231,AL
82,82,915913, 1231,ALB
83,83,3545, 0930,ALCO
84,84,66756, 1231,ALE
85,85,1545654, 1231,ALEX
86,86,897077, 1231,ALG
87,87,1097149, 1231,ALGN
88,88,1362468, 1231,ALGT
89,89,1267602, 1231,ALIM
90,90,766421, 1231,ALK
91,91,1520262, 40,ALKS
92,92,899051, 1231,ALL
93,93,1365767, 40,ALLT
94,94,1178670, 1231,ALNY
95,95,8146, 0131,ALOT
96,96,1420565, 1231,ALRN
97,97,1089511, 1231,ALSK
98,98,1411207, 1231,ALSN
99,99,1701732, 1231,ALTR
100,100,3499, 1231,ALX
101,101,899866, 1231,ALXN
102,102,1623925, 1231,AM
103,103,792977, 1231,AMAG
104,104,6951, 1027,AMAT
105,105,1514991, 1231,AMCX
106,106,2488, 1228,AMD
107,107,1037868, 1231,AME
108,108,896262, 1231,AMED
109,109,1004434, 1231,AMG
110,110,318154, 1231,AMGN
111,111,1513965, 1231,AMID
112,112,1047127, 1231,AMKR
113,113,741516, 1231,AMNB
114,114,46129, 1231,AMOT
115,115,820027, 1231,AMP
116,116,1108236, 1231,AMRB
117,117,1488139, 1231,AMRC
118,118,1120246, 40,AMRN
119,119,1365916, 1231,AMRS
120,120,880807, 0331,AMSC
121,121,1018979, 1231,AMSF
122,122,713425, 0430,AMSWA
123,123,1053507, 1231,AMT
124,124,1173431, 0930,AMTD
125,125,794619, 0430,AMWD
126,126,5, 40,AMX
127,127,1018724, 1231,AMZN
128,128,350698, 1231,AN
129,129,821026, 1231,ANDE
130,130,1018840, 0202,ANF
131,131,1705110, 1231,ANGI
132,132,1275187, 0531,ANGO
133,133,1047884, 1231,ANH
134,134,898437, 1231,ANIK
135,135,1013462, 1231,ANSS
136,136,1316175, 1231,ANTH
137,137,315293, 40,AON
138,138,91142, 1231,AOS
139,139,1387467, 0630,AOSL
140,140,6176, 1231,AP
141,141,6769, 1231,APA
142,142,2969, 0930,APD
143,143,1201792, 1231,APEI
144,144,820313, 1231,APH
145,145,1411494, 1231,APO
146,146,6845, 0229,APOG
147,147,1481832, 1231,APTS
148,148,1138723, 0630,ARAY
149,149,1305168, 1231,ARC
150,150,1287750, 1231,ARCC
151,151,1231, 40,ARCO
152,152,826326, 0630,ARCW
153,153,1035443, 1231,ARE
154,154,1405073, 1231,AREX
155,155,1467760, 1231,ARI
156,156,1086600, 1231,ARLP
157,157,1080709, 1231,ARNA
158,158,717538, 1231,AROW
159,159,1019695, 1231,ARQL
160,160,1428205, 1231,ARR
161,161,863110, 1231,ARTNA
162,162,916529, 1231,ARTX
163,163,7536, 1231,ARW
164,164,879407, 0930,ARWR
165,165,890564, 1231,ASGN
166,166,1674862, 0930,ASH
167,167,1231, 40,ASM
168,168,16, 40,ASML
169,169,1498301, 0803,ASNA
170,170,1462418, 40,ASPS
171,171,5, 40,ASR
172,172,792987, 1231,ASTE
173,173,884144, 1231,ASUR
174,174,8, 40,ASX
175,175,720500, 0930,ASYS
176,176,1419242, 1,AT
177,177,1059142, 1231,ATAX
178,178,1350653, 1231,ATEC
179,179,1368148, 1231,ATHX
180,180,1018963, 1231,ATI
181,181,879585, 1231,ATNI
182,182,731802, 0930,ATO
183,183,896622, 1231,ATR
184,184,1323885, 1231,ATRC
185,185,8063, 1231,ATRO
186,186,894081, 1231,ATSG
187,187,718877, 1231,ATVI
188,188,1086434, 40,AUDC
189,189,1011509, 1231,AUMN
190,190,2, 40,AUY
191,191,104918, 1231,AVA
192,192,1368622, 0430,AVAV
193,193,915912, 1231,AVB
194,194,5981, 1231,AVD
195,195,1325879, 1231,AVEO
196,196,1730168, 1103,AVGO
197,197,896841, 1231,AVID
198,198,1377789, 0703,AVNW
199,199,8868, 1231,AVP
200,200,8858, 0627,AVT
201,201,859163, 0331,AVX
202,202,8818, 1228,AVY
203,203,7431, 1231,AWI
204,204,1410636, 1231,AWK
205,205,1056903, 1231,AWR
206,206,867665, 1231,AXAS
207,207,52795, 0103,AXE
208,208,1062231, 1231,AXL
209,209,4962, 1231,AXP
210,210,1214816, 40,AXS
211,211,1051627, 1231,AXTI
212,212,1231, 40,AXU
213,213,1144215, 0831,AYI
214,214,1362988, 0,AYR
215,215,901832, 40,AZN
216,216,866787, 0831,AZO
217,217,929940, 0630,AZPN
218,218,8947, 0228,AZZ
219,219,9984, 1231,B
220,220,12927, 1231,BA
221,221,70858, 1231,BAC
222,222,1443646, 0331,BAH
223,223,1443646, 0331,BAK
224,224,1001085, 40,BAM
225,225,1169770, 1231,BANC
226,226,760498, 1231,BANF
227,227,946673, 1231,BANR
228,228,1231, 40,BAP
229,229,1109189, 1231,BAS
230,230,720154, 0930,BASI
231,231,10456, 1231,BAX
232,232,886158, 0229,BBBY
233,233,5, 40,BBD
234,234,1099160, 1231,BBGI
235,235,902791, 1231,BBSI
236,236,92230, 1231,BBT
237,237,1113809, 0201,BBW
238,238,315858, 1231,BBX
239,239,764478, 0201,BBY
240,240,14930, 1231,BC
241,241,718940, 40,BCE
242,242,1509589, 1231,BCEI
243,243,3, 40,BCH
244,244,78890, 1231,BCO
245,245,1313275, 1231,BCOV
246,246,9326, 1231,BCPC
247,247,882796, 1231,BCRX
248,248,312069, 40,BCS
249,249,913142, 1231,BDC
250,250,846617, 1231,BDGE
251,251,790816, 1231,BDN
252,252,1103021, 1231,BDSI
253,253,10795, 0930,BDX
254,254,1574774, 1231,BEAT
255,255,1124941, 0930,BECN
256,256,729580, 1231,BELFB
257,257,38777, 0930,BEN
258,258,1231, 40,BEST
259,259,1303942, 1231,BFIN
260,260,907254, 1231,BFS
261,261,1144519, 1231,BG
262,262,1094831, 1231,BGCP
263,263,1156388, 1229,BGFV
264,264,14195, 0628,BGG
265,265,1278027, 1228,BGS
266,266,743367, 1231,BHB
267,267,863436, 1231,BHE
268,268,1108134, 1231,BHLB
269,269,12, 40,BIDU
270,270,768835, 0131,BIG
271,271,875045, 1231,BIIB
272,272,12208, 1231,BIO
273,273,1044378, 1231,BIOC
274,274,1014739, 1231,BIOS
275,275,1231, 40,BIP
276,276,9, 40,BITA
277,277,1013488, 1231,BJRI
278,278,1390777, 1231,BK
279,279,1326003, 05,BKCC
280,280,1332349, 1231,BKD
281,281,885245, 0201,BKE
282,282,1392091, 1231,BKEP
283,283,1130464, 1231,BKH
284,284,1627014, 1231,BKI
285,285,1504008, 1231,BKU
286,286,2, 40,BLDP
287,287,1316835, 1231,BLDR
288,288,1364742, 1231,BLK
289,289,1280058, 1231,BLKB
290,290,9389, 1231,BLL
291,291,1231, 40,BLRX
292,292,22, 40,BLX
293,293,21, 40,BMA
294,294,9092, 1231,BMI
295,295,927971, 40,BMO
296,296,1403475, 1231,BMRC
297,297,1048477, 1231,BMRN
298,298,802681, 1231,BMTC
299,299,14272, 1231,BMY
300,300,9631, 40,BNS
301,301,702513, 1231,BOCH
302,302,46195, 1231,BOH
303,303,875357, 1231,BOKF
304,304,34067, 1231,BOOM
305,305,1610250, 0328,BOOT
306,306,1372612, 0131,BOX
307,307,26, 40,BP
308,308,821127, 1231,BPFH
309,309,763901, 1231,BPOP
310,310,1383312, 0630,BR
311,311,746598, 0731,BRC
312,312,892222, 1231,BREW
313,313,8, 40,BRFS
314,314,1049782, 1231,BRKL
315,315,1109354, 1231,BRKR
316,316,933974, 0930,BRKS
317,317,79282, 1231,BRO
318,318,14846, 1231,BRT
319,319,1705873, 1231,BRY
320,320,25, 40,BSAC
321,321,1231, 40,BSBR
322,322,10329, 1130,BSET
323,323,1130144, 1231,BSRR
324,324,875622, 1231,BSTC
325,325,885725, 1231,BSX
326,326,16, 40,BTE
327,327,946454, 1231,BTN
328,328,1064728, 1231,BTU
329,329,4, 40,BUD
330,330,314489, 1231,BUSE
331,331,1734713, 0930,BV
332,332,1231, 40,BVN
333,333,908255, 1231,BWA
334,334,1120370, 1231,BWEN
335,335,1393818, 1231,BX
336,336,778946, 1231,BXG
337,337,1037540, 1231,BXP
338,338,1231, 1231,BXS
339,339,906553, 1231,BYD
340,340,915840, 0930,BZH
341,341,831001, 1231,C
342,342,1157762, 40,CAAS
343,343,750686, 1231,CAC
344,344,885550, 1231,CACC
345,345,16058, 0630,CACI
346,346,8, 40,CAE
347,347,23217, 0531,CAG
348,348,721371, 0630,CAH
349,349,16988, 40,CAJ
350,350,887596, 1231,CAKE
351,351,16160, 0530,CALM
352,352,1406666, 1231,CALX
353,353,730255, 0228,CAMP
354,354,1231, 40,CAMT
355,355,723612, 1231,CAR
356,356,1340127, 1231,CARB
357,357,907471, 0930,CASH
358,358,726958, 0430,CASY
359,359,18230, 1231,CAT
360,360,1671013, 40,CATM
361,361,861842, 1231,CATY
362,362,896159, 40,CB
363,363,716133, 1231,CBB
364,364,17, 40,CBD
365,365,910612, 1231,CBL
366,366,1318641, 1231,CBLI
367,367,820081, 1231,CBM
368,368,1419536, 40,CBNK
369,369,1374310, 1231,CBOE
370,370,1369868, 40,CBPO
371,371,1067294, 0802,CBRL
372,372,813828, 1231,CBS
373,373,22356, 1231,CBSH
374,374,16040, 0930,CBT
375,375,723188, 1231,CBU
376,376,944148, 1231,CBZ
377,377,726601, 1231,CCBG
378,378,1231, 9,CCC
379,379,1051470, 1231,CCI
380,380,1231, 40,CCJ
381,381,1219601, 1231,CCK
382,382,815097, 1130,CCL
383,383,9, 40,CCM
384,384,1102934, 0930,CCMP
385,385,736772, 1231,CCNE
386,386,1334978, 1231,CCO
387,387,1158324, 1231,CCOI
388,388,1141103, 1231,CCRN
389,389,1576940, 1231,CCS
390,390,5, 40,CCU
391,391,749038, 0630,CCUR
392,392,1340652, 1231,CCXI
393,393,215466, 1231,CDE
394,394,813672, 1228,CDNS
395,395,761648, 1231,CDR
396,396,949428, 1231,CDTI
397,397,1200375, 1231,CDXS
398,398,1306830, 1231,CE
399,399,3197, 1231,CECE
400,400,1046568, 1231,CECO
401,401,1231, 40,CEL
402,402,816284, 1231,CELG
403,403,887733, 0928,CENT
404,404,887733, 0928,CENTA
405,405,949157, 1231,CENX
406,406,804753, 1228,CERN
407,407,1020214, 1231,CERS
408,408,925645, 40,CETV
409,409,1173489, 1231,CEVA
410,410,1324404, 1231,CF
411,411,1074433, 1022,CFFN
412,412,39263, 1231,CFR
413,413,1420800, 1231,CFX
414,414,1527166, 1231,CG
415,415,1231, 40,CGEN
416,416,851205, 1231,CGNX
417,417,726854, 1231,CHCO
418,418,313927, 1231,CHD
419,419,20212, 1231,CHDN
420,420,19584, 1231,CHE
421,421,1517175, 1228,CHEF
422,422,1046311, 1231,CHH
423,423,895126, 1231,CHK
424,424,1231, 40,CHKP
425,425,1524769, 1231,CHKR
426,426,1512762, 1231,CHRS
427,427,1043277, 1231,CHRW
428,428,897429, 0201,CHS
429,429,1091667, 1231,CHTR
430,430,1739940, 1231,CI
431,431,24090, 1231,CIA
432,432,1231, 40,CIB
433,433,1173204, 0331,CIDM
434,434,936395, 1031,CIEN
435,435,5, 40,CIG
436,436,1409493, 1231,CIM
437,437,20286, 1231,CINF
438,438,1091883, 1231,CIR
439,439,1171825, 1231,CIT
440,440,859598, 1231,CKH
441,441,21665, 1231,CL
442,442,1000229, 40,CLB
443,443,1089143, 0630,CLCT
444,444,1476045, 1231,CLDT
445,445,744218, 1231,CLDX
446,446,764065, 1231,CLF
447,447,796505, 0930,CLFD
448,448,36047, 1231,CLGX
449,449,822818, 1231,CLH
450,450,924901, 1231,CLI
451,451,1340122, 1231,CLMT
452,452,1368265, 1231,CLNE
453,453,1679688, 1231,CLNY
454,454,732834, 1231,CLR
455,455,840715, 1231,CLRO
456,456,1231, 40,CLS
457,457,749647, 1231,CLSN
458,458,1281774, 1231,CLUB
459,459,1466301, 1231,CLVS
460,460,1441236, 1231,CLW
461,461,21076, 0630,CLX
462,462,1045520, 40,CM
463,463,28412, 1231,CMA
464,464,22444, 0831,CMC
465,465,1005229, 0331,CMCO
466,466,1166691, 1231,CMCSA
467,467,1156375, 1231,CME
468,468,1058090, 1231,CMG
469,469,26172, 1231,CMI
470,470,1058623, 1231,CMLS
471,471,766701, 1231,CMO
472,472,1227654, 1231,CMP
473,473,1231, 40,CMRE
474,474,811156, 1231,CMS
475,475,23197, 0731,CMTL
476,476,21175, 1231,CNA
477,477,1071739, 1231,CNC
478,478,1231, 40,CNI
479,479,1385280, 1231,CNK
480,480,816956, 1231,CNMD
481,481,1224608, 1231,CNO
482,482,1130310, 1231,CNP
483,483,1231, 40,CNQ
484,484,1284812, 1231,CNS
485,485,1304421, 1231,CNSL
486,486,911147, 1231,CNTY
487,487,1070412, 1231,CNX
488,488,1467808, 40,CO
489,489,1345126, 1231,CODI
490,490,927628, 1231,COF
491,491,858470, 1231,COG
492,492,21510, 0928,COHR
493,493,21535, 1228,COHU
494,494,317540, 1229,COKE
495,495,887343, 1231,COLB
496,496,1050797, 1231,COLM
497,497,1223389, 0131,CONN
498,498,711404, 1031,COO
499,499,1163165, 1231,COP
500,500,1490892, 1231,COR
501,501,1318084, 1231,CORE
502,502,1088856, 1231,CORT
503,503,909832, 0902,COST
504,504,884713, 40,COT
505,505,1466538, 1231,COWN
506,506,16875, 40,CP
507,507,1231, 40,CPA
508,508,1231, 40,CPAC
509,509,16732, 0728,CPB
510,510,928022, 1231,CPE
511,511,701347, 1231,CPF
512,512,1087294, 40,CPIX
513,513,19745, 1231,CPK
514,514,1231, 40,CPL
515,515,1392326, 40,CPLP
516,516,900075, 0731,CPRT
517,517,1369568, 1231,CPRX
518,518,1169445, 1231,CPSI
519,519,889609, 1231,CPSS
520,520,1009759, 0331,CPST
521,521,906345, 1231,CPT
522,522,1383650, 1231,CQP
523,523,25445, 1231,CR
524,524,1053706, 1228,CRAI
525,525,1609253, 1231,CRC
526,526,895419, 0628,CREE
527,527,1060822, 1228,CRI
528,528,1108205, 1231,CRIS
529,529,23194, 1231,CRK
530,530,1100682, 1228,CRL
531,531,1410098, 1231,CRMD
532,532,799850, 0430,CRMT
533,533,1231, 40,CRNT
534,534,1334036, 1231,CROX
535,535,1009672, 1231,CRR
536,536,17843, 0630,CRS
537,537,772406, 0328,CRUS
538,538,25895, 0331,CRWS
539,539,784199, 1231,CRY
540,540,1040593, 1231,CRZO
541,541,28, 40,CS
542,542,858877, 0725,CSCO
543,543,1102266, 1231,CSFL
544,544,1057352, 1231,CSGP
545,545,1005757, 1231,CSGS
546,546,1180145, 0630,CSII
547,547,1231, 40,CSIQ
548,548,790051, 1231,CSL
549,549,1401680, 1231,CSOD
550,550,20629, 0331,CSS
551,551,23, 40,CSTE
552,552,1676479, 1231,CSTR
553,553,1043000, 1231,CSU
554,554,1016281, 1231,CSV
555,555,17313, 0331,CSWC
556,556,277948, 1231,CSX
557,557,723254, 0531,CTAS
558,558,24491, 1231,CTB
559,559,350852, 1231,CTBI
560,560,1015155, 0630,CTHR
561,561,1042187, 1231,CTIB
562,562,891293, 1231,CTIC
563,563,18926, 1231,CTL
564,564,23795, 1231,CTO
565,565,1318484, 0201,CTRN
566,566,1318484, 0201,CTRP
567,567,26058, 1231,CTS
568,568,1058290, 1231,CTSH
569,569,877890, 1231,CTXS
570,570,26076, 0930,CUB
571,571,1298675, 1231,CUBE
572,572,1108967, 1231,CUI
573,573,1125259, 40,CUK
574,574,1162461, 1231,CUTR
575,575,25232, 1231,CUZ
576,576,225648, 1231,CVA
577,577,354647, 1231,CVBF
578,578,278166, 0328,CVCO
579,579,1127371, 1231,CVCY
580,580,1231, 40,CVE
581,581,1290900, 1231,CVGI
582,582,1133470, 1031,CVGW
583,583,1376139, 1231,CVI
584,584,1169561, 0331,CVLT
585,585,725363, 0930,CVM
586,586,64803, 1231,CVS
587,587,928658, 1231,CVTI
588,588,889348, 1231,CVU
589,589,93410, 1231,CVX
590,590,26324, 1231,CW
591,591,928340, 40,CWCO
592,592,1669779, 1231,CWH
593,593,911177, 1231,CWST
594,594,1035201, 1231,CWT
595,595,1076378, 40,CX
596,596,1358071, 1231,CXO
597,597,1070985, 1231,CXW
598,598,791915, 1229,CY
599,599,768411, 1231,CYBE
600,600,1130166, 1231,CYCC
601,601,1231, 40,CYD
602,602,1108109, 1231,CYH
603,603,1231, 40,CYOU
604,604,1061983, 1231,CYTK
605,605,799698, 1231,CYTR
606,606,858339, 1231,CZR
607,607,1367859, 1231,CZWI
608,608,1402902, 40,CZZ
609,609,715957, 1231,D
610,610,1231, 40,DAC
611,611,351998, 1211,DAIO
612,612,915779, 0502,DAKT
613,613,27904, 1231,DAL
614,614,26780, 1231,DAN
615,615,916540, 1228,DAR
616,616,916540, 1228,DB
617,617,28823, 1231,DBD
618,618,29644, 0731,DCI
619,619,1481241, 40,DCIX
620,620,30305, 1231,DCO
621,621,1005409, 1231,DCOM
622,622,1666700, 1231,DD
623,623,910638, 1231,DDD
624,624,28917, 0201,DDS
625,625,315189, 1103,DE
626,626,910521, 0331,DECK
627,627,1364250, 1231,DEI
628,628,1571996, 0201,DELL
629,629,852772, 1225,DENN
630,630,931336, 1231,DF
631,631,1393612, 1231,DFS
632,632,29534, 0131,DG
633,633,800457, 1231,DGICA
634,634,854775, 0930,DGII
635,635,1342958, 1231,DGLY
636,636,1022079, 1231,DGX
637,637,882184, 0930,DHI
638,638,313616, 1231,DHR
639,639,14, 40,DHT
640,640,1393883, 1231,DHX
641,641,49754, 1231,DIN
642,642,29002, 1231,DIOD
643,643,1744489, 0928,DIS
644,644,1437107, 1231,DISCA
645,645,1437107, 1231,DISCB
646,646,1437107, 1231,DISCK
647,647,1001082, 1231,DISH
648,648,1694426, 1231,DK
649,649,1089063, 0201,DKS
650,650,930, 40,DL
651,651,1101396, 0928,DLA
652,652,1308547, 0924,DLB
653,653,1707092, 40,DLPH
654,654,1297996, 1231,DLR
655,655,935703, 0201,DLTR
656,656,27996, 1231,DLX
657,657,1438231, 1231,DMRC
658,658,713671, 1231,DNBF
659,659,1357204, 1228,DNKN
660,660,8, 40,DNN
661,661,945764, 1231,DNR
662,662,949039, 1231,DO
663,663,868780, 1229,DORM
664,664,29905, 1231,DOV
665,665,930, 40,DOX
666,666,896493, 1231,DPW
667,667,1286681, 1229,DPZ
668,668,1231, 40,DQ
669,669,707388, 1231,DRAD
670,670,783280, 1231,DRE
671,671,1298946, 1231,DRH
672,672,940944, 0531,DRI
673,673,1042893, 1231,DRQ
674,674,1082038, 1231,DRRX
675,675,131, 40,DSGX
676,676,915778, 40,DSPG
677,677,771999, 1231,DSS
678,678,3, 40,DSX
679,679,936340, 1231,DTE
680,680,1326160, 1231,DUK
681,681,927066, 1231,DVA
682,682,1029142, 1231,DVAX
683,683,1017673, 1231,DVD
684,684,1090012, 1231,DVN
685,685,799165, 1231,DWSN
686,686,826675, 1231,DX
687,687,1093557, 1231,DXCM
688,688,1020710, 1231,DXPE
689,689,29332, 1228,DXYN
690,690,67215, 0125,DY
691,691,720875, 0630,DYNT
692,692,1231, 40,E
693,693,712515, 0331,EA
694,694,703351, 0624,EAT
695,695,1065088, 1231,EBAY
696,696,33002, 0228,EBF
697,697,814549, 1231,EBIX
698,698,1367644, 1231,EBS
699,699,1411974, 1231,EBSB
700,700,1231, 40,EC
701,701,1157806, 40,ECA
702,702,1426945, 1231,ECHO
703,703,31462, 1231,ECL
704,704,1783400, 1231,ECOL
705,705,1084961, 1231,ECPG
706,706,1487798, 1231,ECT
707,707,1047862, 1231,ED
708,708,1231, 40,EDAP
709,709,531, 40,EDU
710,710,31978, 1231,EE
711,711,1029199, 1231,EEFT
712,712,1411342, 1231,EFC
713,713,1025835, 1231,EFSC
714,714,33185, 1231,EFX
715,715,1066194, 0630,EGAN
716,716,1050441, 1231,EGBN
717,717,1023731, 0331,EGHT
718,718,18, 40,EGO
719,719,1065332, 1231,EGOV
720,720,49600, 1231,EGP
721,721,894627, 1231,EGY
722,722,1333493, 1231,EHTH
723,723,1379041, 1231,EIG
724,724,827052, 1231,EIX
725,725,1001250, 0630,EL
726,726,1013606, 1231,ELGX
727,727,1488917, 0630,ELMD
728,728,895417, 1231,ELS
729,729,837465, 1231,ELY
730,730,1046995, 1231,EMAN
731,731,105634, 1231,EME
732,732,808326, 0930,EMKR
733,733,915389, 1231,EMN
734,734,32604, 0930,EMR
735,735,895728, 40,ENB
736,736,1593034, 40,ENDP
737,737,1463101, 1231,ENPH
738,738,1632790, 0930,ENR
739,739,1289308, 0331,ENS
740,740,1125376, 1231,ENSG
741,741,1101302, 1231,ENTG
742,742,1337619, 1231,ENV
743,743,316253, 0731,ENZ
744,744,821189, 1231,EOG
745,745,1352010, 1231,EPAM
746,746,1073349, 0630,EPAY
747,747,1061219, 1231,EPD
748,748,1006655, 0630,EPM
749,749,1045450, 1231,EPR
750,750,1101239, 1231,EQIX
751,751,906107, 1231,EQR
752,752,33213, 1231,EQT
753,753,29, 40,ERF
754,754,1231, 40,ERIC
755,755,922621, 1231,ERIE
756,756,1421517, 1231,ERII
757,757,9, 40,ERJ
758,758,72741, 1231,ES
759,759,33488, 1229,ESCA
760,760,866706, 0930,ESE
761,761,3, 40,ESEA
762,762,1363829, 40,ESGR
763,763,1590714, 1231,ESI
764,764,1231, 40,ESLT
765,765,920522, 1231,ESS
766,766,1382230, 0930,ESSA
767,767,10254, 1231,ESTE
768,768,1276187, 1231,ET
769,769,1015780, 1231,ETFC
770,770,896156, 0630,ETH
771,771,1067837, 1231,ETM
772,772,1551182, 40,ETN
773,773,65984, 1231,ETR
774,774,350797, 1031,EV
775,775,842518, 1231,EVBN
776,776,1109116, 1231,EVC
777,777,1640428, 1231,EVER
778,778,1052054, 1231,EVOL
779,779,1360901, 1231,EVR
780,780,1099800, 1231,EW
781,781,1069157, 1231,EWBC
782,782,1124140, 1231,EXAS
783,783,1109357, 1231,EXC
784,784,939767, 0103,EXEL
785,785,16, 40,EXFO
786,786,20, 40,EXK
787,787,1297989, 40,EXLS
788,788,918646, 0331,EXP
789,789,746515, 1231,EXPD
790,790,1324424, 1231,EXPE
791,791,851520, 0103,EXPO
792,792,1483510, 0201,EXPR
793,793,1289490, 1231,EXR
794,794,1078271, 0630,EXTR
795,795,876523, 0930,EZPW
796,796,37996, 1231,F
797,797,1472787, 1231,FAF
798,798,34563, 0630,FARM
799,799,917491, 1231,FARO
800,800,815556, 1231,FAST
801,801,1033012, 1231,FBC
802,802,1519751, 1231,FBHS
803,803,1521951, 1231,FBIZ
804,804,947559, 1231,FBMS
805,805,811589, 1231,FBNC
806,806,1057706, 1231,FBP
807,807,886206, 0831,FC
808,808,859070, 1231,FCBC
809,809,932781, 1231,FCCO
810,810,1141807, 1231,FCCY
811,811,886128, 1031,FCEL
812,812,712537, 1231,FCF
813,813,840489, 1231,FCFS
814,814,887936, 1231,FCN
815,815,831259, 1231,FCX
816,816,946647, 1231,FDEF
817,817,1047340, 9,FDP
818,818,1013237, 0831,FDS
819,819,1513363, 1231,FDUS
820,820,1048911, 0531,FDX
821,821,1031296, 1231,FE
822,822,38725, 1231,FELE
823,823,4, 40,FENG
824,824,1401257, 1231,FET
825,825,1337298, 1231,FF
826,826,708955, 1231,FFBC
827,827,1012771, 1231,FFG
828,828,923139, 1231,FFIC
829,829,36029, 1231,FFIN
830,830,1048695, 0930,FFIV
831,831,1401564, 1231,FFNW
832,832,922358, 0731,FGP
833,833,36966, 1231,FHN
834,834,860413, 1231,FIBK
835,835,814547, 0930,FICO
836,836,1056288, 1231,FII
837,837,1136893, 1231,FIS
838,838,862831, 1231,FISI
839,839,798354, 1231,FISV
840,840,35527, 1231,FITB
841,841,1035983, 1231,FIX
842,842,69891, 0501,FIZZ
843,843,850209, 0201,FL
844,844,1162194, 1231,FLDM
845,845,866374, 40,FLEX
846,846,740663, 1231,FLIC
847,847,354908, 1231,FLIR
848,848,891482, 1231,FLL
849,849,1128928, 1228,FLO
850,850,1641991, 1231,FLOW
851,851,1124198, 1231,FLR
852,852,30625, 1231,FLS
853,853,1175454, 1231,FLT
854,854,1084869, 0628,FLWS
855,855,29, 40,FLY
856,856,702325, 1231,FMBI
857,857,37785, 1231,FMC
858,858,709337, 1231,FMNB
859,859,2, 40,FMS
860,860,1231, 40,FMX
861,861,1408710, 40,FN
862,862,37808, 1231,FNB
863,863,1331875, 1231,FNF
864,864,1231, 40,FNV
865,865,35214, 1231,FOE
866,866,1178879, 1231,FOLD
867,867,1406587, 0930,FOR
868,868,1039399, 1228,FORM
869,869,1023313, 1231,FORR
870,870,883569, 1228,FOSL
871,871,921825, 1231,FR
872,872,1399935, 0201,FRAN
873,873,834285, 1231,FRBK
874,874,40, NULL,FRC
875,875,712534, 1231,FRME
876,876,11, 40,FRO
877,877,34903, 1231,FRT
878,878,1435508, 0930,FSFG
879,879,1069394, 40,FSI
880,880,1274494, 1231,FSLR
881,881,37914, 1102,FSM
882,882,1031316, 1231,FSP
883,883,277509, 1231,FSS
884,884,352825, 1231,FSTR
885,885,846913, 1231,FTEK
886,886,1681459, 40,FTI
887,887,928054, 1231,FTK
888,888,1262039, 1231,FTNT
889,889,20520, 1231,FTR
890,890,39368, 1130,FUL
891,891,700564, 1231,FULT
892,892,811532, 1231,FUN
893,893,1159281, 1231,FVE
894,894,912728, 1231,FWRD
895,895,1398659, 40,G
896,896,714395, 1231,GABC
897,897,1089872, 1231,GAIA
898,898,1321741, 0331,GAIN
899,899,1133416, 1231,GALT
900,900,1328919, 40,GASS
901,901,868671, 1231,GBCI
902,902,1476765, 14,GBDC
903,903,1060349, 1231,GBL
904,904,1494904, 40,GBLI
905,905,923120, 0831,GBX
906,906,1444363, 1231,GCAP
907,907,1635718, 1231,GCI
908,908,18498, 0201,GCO
909,909,40533, 1231,GD
910,910,1699150, 1231,GDI
911,911,1386278, 1231,GDOT
912,912,943861, 1231,GDP
913,913,40545, 1231,GE
914,914,43920, 1031,GEF
915,915,1022321, 1231,GEL
916,916,64472, 0930,GENC
917,917,923796, 1231,GEO
918,918,886744, 1231,GERN
919,919,912463, 0201,GES
920,920,1392380, 1231,GEVO
921,921,50725, 0930,GFF
922,922,6, 40,GFI
923,923,1342287, 0630,GFN
924,924,42888, 1227,GGG
925,925,1131324, 1231,GHDX
926,926,1282977, 1231,GHL
927,927,716314, 0331,GHM
928,928,30, 40,GIB
929,929,1031623, 1231,GIFI
930,930,1719489, 0930,GIG
931,931,821002, 0131,GIII
932,932,9, 40,GIL
933,933,882095, 1231,GILD
934,934,1231, 40,GILT
935,935,40704, 0529,GIS
936,936,1143513, 0930,GLAD
937,937,1372020, 1231,GLDD
938,938,0, 40,GLNG
939,939,0, 40,GLOG
940,940,746210, 1231,GLOW
941,941,1323468, 1231,GLP
942,942,1385613, 40,GLRE
943,943,41719, 1231,GLT
944,944,1366246, 1231,GLUU
945,945,24741, 1231,GLW
946,946,1467858, 1231,GM
947,947,1326380, 0201,GME
948,948,1231, 40,GMLP
949,949,1275229, 1231,GMO
950,950,1502034, 1231,GNC
951,951,1528356, 1231,GNE
952,952,1326200, 1,GNK
953,953,1487371, 1231,GNMK
954,954,1474735, 1231,GNRC
955,955,355811, 1231,GNTX
956,956,1276520, 1231,GNW
957,957,1231, 40,GOL
958,958,756894, 40,GOLD
959,959,1672013, 1231,GOLF
960,960,1234006, 1231,GOOD
961,961,1652044, 1231,GOOG
962,962,1160791, 1231,GORO
963,963,40987, 1231,GPC
964,964,1031203, 1231,GPI
965,965,1408075, 1231,GPK
966,966,17, 40,GPL
967,967,1123360, 1231,GPN
968,968,874499, 1231,GPOR
969,969,1309402, 1231,GPRE
970,970,1500435, 1231,GPRO
971,971,39911, 0202,GPS
972,972,70415, 1231,GPX
973,973,1045309, 1231,GRA
974,974,42682, 1231,GRC
975,975,1438569, 40,GRFS
976,976,1121788, 40,GRMN
977,977,1490281, 1231,GRPN
978,978,886982, 1231,GS
979,979,1366868, 1231,GSAT
980,980,1112920, 1231,GSB
981,981,854560, 1231,GSBC
982,982,1126741, 0331,GSIT
983,983,1131399, 40,GSK
984,984,1430725, 40,GSL
985,985,12, 40,GSM
986,986,903571, 40,GSS
987,987,42582, 1231,GT
988,988,1273441, 40,GTE
989,989,825324, 0924,GTIM
990,990,892553, 1231,GTLS
991,991,43196, 1231,GTN
992,992,1171662, 1231,GTS
993,993,1052752, 1231,GTY
994,994,861459, 1231,GVA
995,995,944480, 1231,GVP
996,996,1012620, 1231,GWR
997,997,1528396, 0731,GWRE
998,998,277135, 1231,GWW
999,999,1468174, 1231,H
1000,1000,1172222, 1231,HA
1001,1001,313143, 0328,HAE
1002,1002,1109242, 1231,HAFC
1003,1003,910406, 0630,HAIN
1004,1004,45012, 1231,HAL
1005,1005,819913, 1231,HALL
1006,1006,1159036, 1231,HALO
1007,1007,46080, 1229,HAS
1008,1008,858655, 0930,HAYN
1009,1009,49196, 1231,HBAN
1010,1010,1436425, 1231,HBCP
1011,1011,1359841, 1228,HBI
1012,1012,1123494, 1231,HBIO
1013,1013,1231, 40,HBM
1014,1014,706129, 1231,HBNC
1015,1015,860730, 1231,HCA
1016,1016,1691303, 1231,HCC
1017,1017,1403431, 0103,HCCI
1018,1018,1057379, 1227,HCKT
1019,1019,765880, 1231,HCP
1020,1020,731012, 1231,HCSG
1021,1021,354950, 0202,HD
1022,1022,925528, 1231,HDSN
1023,1023,354707, 1231,HE
1024,1024,1339605, 1231,HEES
1025,1025,46619, 1031,HEI
1026,1026,916789, 40,HELE
1027,1027,1283140, 1231,HEP
1028,1028,4447, 1231,HES
1029,1029,48039, 1231,HFC
1030,1030,1046025, 1231,HFWA
1031,1031,1498828, 1231,HHC
1032,1032,45919, 1231,HHS
1033,1033,1417398, 0930,HI
1034,1034,1017480, 0201,HIBB
1035,1035,874766, 1231,HIG
1036,1036,1501585, 1231,HII
1037,1037,1287808, 1231,HIL
1038,1038,1231, 40,HIMX
1039,1039,921082, 1231,HIW
1040,1040,719413, 1231,HL
1041,1041,1180262, 40,HLF
1042,1042,851310, 1231,HLIT
1043,1043,866829, 1231,HLX
1044,1044,331, 40,HMC
1045,1045,850141, 1231,HMN
1046,1046,1518715, 1231,HMST
1047,1047,1196501, 1231,HMSY
1048,1048,48287, 1228,HNI
1049,1049,788965, 1231,HNRG
1050,1050,1077688, 0131,HOFT
1051,1051,793952, 1231,HOG
1052,1052,3, 40,HOLI
1053,1053,859737, 0928,HOLX
1054,1054,1331520, 1231,HOMB
1055,1055,1646228, 0125,HOME
1056,1056,773840, 1231,HON
1057,1057,1131227, 1231,HOS
1058,1058,357294, 1031,HOV
1059,1059,46765, 0930,HP
1060,1060,1482512, 1231,HPP
1061,1061,47217, 1031,HPQ
1062,1062,899749, 1231,HR
1063,1063,12659, 0430,HRB
1064,1064,47518, 0930,HRC
1065,1065,48465, 1027,HRL
1066,1066,1487428, 1231,HRZN
1067,1067,45876, 1231,HSC
1068,1068,1000228, 1228,HSIC
1069,1069,1066605, 1231,HSII
1070,1070,1038133, 1231,HSKA
1071,1071,1210708, 1231,HSON
1072,1072,1070750, 1231,HST
1073,1073,1095565, 1231,HSTM
1074,1074,47111, 1231,HSY
1075,1075,1063344, 1231,HT
1076,1076,1053352, 1231,HTBK
1077,1077,1280784, 19,HTGC
1078,1078,1265131, 1231,HTH
1079,1079,24, 40,HTHT
1080,1080,799233, 1231,HTLD
1081,1081,920112, 1231,HTLF
1082,1082,1657853, 1231,HTZ
1083,1083,940942, 1231,HUBG
1084,1084,49071, 1231,HUM
1085,1085,1307954, 1231,HUN
1086,1086,1289848, 1231,HURN
1087,1087,216085, 1231,HVT
1088,1088,1356949, 1231,HWCC
1089,1089,717605, 1231,HXL
1090,1090,1492426, 40,HZNP
1091,1091,1057060, 0930,HZO
1092,1092,1231, 40,IAG
1093,1093,917520, 1231,IART
1094,1094,21, 1231,IBA
1095,1095,39311, 1231,IBCP
1096,1096,933141, 1231,IBKC
1097,1097,1381197, 1231,IBKR
1098,1098,51143, 1231,IBM
1099,1099,331, 40,IBN
1100,1100,749660, 1231,ICAD
1101,1101,1571949, 1231,ICE
1102,1102,1362004, 1231,ICFI
1103,1103,531, 40,ICLR
1104,1104,857737, 1231,ICON
1105,1105,883984, 1231,ICUI
1106,1106,1057877, 1231,IDA
1107,1107,1405495, 1231,IDCC
1108,1108,1040896, 1231,IDN
1109,1109,861838, 1231,IDRA
1110,1110,4187, 1231,IDSA
1111,1111,874716, 1231,IDXX
1112,1112,49728, 0930,IEC
1113,1113,813762, 1231,IEP
1114,1114,832101, 1231,IEX
1115,1115,51253, 1231,IFF
1116,1116,1326205, 0331,IGC
1117,1117,1, 40,IGT
1118,1118,764401, 0928,IIIN
1119,1119,88790, 1231,IIN
1120,1120,820318, 0630,IIVI
1121,1121,1110803, 1229,ILMN
1122,1122,921582, 40,IMAX
1123,1123,855654, 1231,IMGN
1124,1124,1058811, 1231,IMMR
1125,1125,722830, 1231,IMMU
1126,1126,1231, 40,IMO
1127,1127,1231, 40,IMOS
1128,1128,1056386, 1231,INAP
1129,1129,879169, 1231,INCY
1130,1130,776901, 1231,INDB
1131,1131,1113148, 1231,INFI
1132,1132,1138639, 1228,INFN
1133,1133,1337013, 1231,INFU
1134,1134,12, 40,INFY
1135,1135,1497645, 1231,INN
1136,1136,1055726, 1231,INO
1137,1137,903651, 1231,INOD
1138,1138,1104506, 1231,INSM
1139,1139,1609550, 1231,INSP
1140,1140,789460, 1231,INT
1141,1141,50863, 1228,INTC
1142,1142,913760, 0930,INTL
1143,1143,1036262, 1231,INTT
1144,1144,896878, 0731,INTU
1145,1145,829323, 1231,INUV
1146,1146,1036044, 1231,INVE
1147,1147,1350381, 1231,INWK
1148,1148,7, 40,INXN
1149,1149,866609, 1231,IO
1150,1150,1054905, 1231,IOSP
1151,1151,51434, 1231,IP
1152,1152,822663, 1231,IPAR
1153,1153,51644, 1231,IPG
1154,1154,1111928, 1231,IPGP
1155,1155,1160958, 1231,IPHI
1156,1156,1364099, 1231,IPHS
1157,1157,1421461, 1231,IPI
1158,1158,1466258, 40,IR
1159,1159,1159167, 1228,IRBT
1160,1160,1418819, 1231,IRDM
1161,1161,798359, 1231,IRET
1162,1162,1006045, 1228,IRIX
1163,1163,1020569, 1231,IRM
1164,1164,933267, 40,IRS
1165,1165,1446847, 1231,IRWD
1166,1166,1326807, 0630,ISBC
1167,1167,943034, 1231,ISNS
1168,1168,728387, 0630,ISR
1169,1169,1035267, 1231,ISRG
1170,1170,749251, 1231,IT
1171,1171,350868, 0331,ITI
1172,1172,780571, 1231,ITRI
1173,1173,1231, 40,ITRN
1174,1174,216228, 1231,ITT
1175,1175,1, 40,ITUB
1176,1176,49826, 1231,ITW
1177,1177,1001902, 1231,IVAC
1178,1178,742112, 1231,IVC
1179,1179,1437071, 1231,IVR
1180,1180,914208, 0,IVZ
1181,1181,807882, 0929,JACK
1182,1182,1685715, 1231,JAG
1183,1183,1009829, 1231,JAKK
1184,1184,1617227, 1230,JAX
1185,1185,1232524, 40,JAZZ
1186,1186,728535, 1231,JBHT
1187,1187,898293, 0831,JBL
1188,1188,1158463, 1231,JBLU
1189,1189,1433660, 1231,JBT
1190,1190,833444, 40,JCI
1191,1191,1084048, 1231,JCOM
1192,1192,1166126, 0130,JCP
1193,1193,22701, 1231,JCS
1194,1194,331, 40,JE
1195,1195,52988, 0927,JEC
1196,1196,785956, 0928,JJSF
1197,1197,779152, 0630,JKHY
1198,1198,1231, 40,JKS
1199,1199,1037976, 1231,JLL
1200,1200,1302350, 1231,JMP
1201,1201,200406, 1229,JNJ
1202,1202,1043604, 1231,JNPR
1203,1203,1231, 40,JOBS
1204,1204,745308, 1231,JOE
1205,1205,788329, 0927,JOUT
1206,1206,19617, 1231,JPM
1207,1207,1007019, 1031,JVA
1208,1208,72333, 0201,JWN
1209,1209,55067, 1228,K
1210,1210,886346, 1228,KAI
1211,1211,811596, 1231,KALU
1212,1212,54381, 1231,KAMN
1213,1213,1395942, 1231,KAR
1214,1214,795266, 1130,KBH
1215,1215,1357615, 1231,KBR
1216,1216,318996, 1231,KEG
1217,1217,55135, 1229,KELYA
1218,1218,887730, 0331,KEM
1219,1219,55529, 0430,KEQU
1220,1220,56047, 1231,KEX
1221,1221,91576, 1231,KEY
1222,1222,930420, 1231,KFRC
1223,1223,56679, 0430,KFY
1224,1224,701818, 40,KGC
1225,1225,879101, 1231,KIM
1226,1226,33992, 1231,KINS
1227,1227,1056285, 0201,KIRK
1228,1228,1404912, 1231,KKR
1229,1229,319201, 0630,KLAC
1230,1230,56978, 40,KLIC
1231,1231,55785, 1231,KMB
1232,1232,1506307, 1231,KMI
1233,1233,860748, 1231,KMPR
1234,1234,55242, 0630,KMT
1235,1235,1170010, 0229,KMX
1236,1236,1011570, 1231,KNL
1237,1237,1492691, 1231,KNX
1238,1238,21344, 1231,KO
1239,1239,19, 40,KOF
1240,1240,811212, 1231,KOOL
1241,1241,1315257, 1231,KOP
1242,1242,771266, 1228,KOPN
1243,1243,1509991, 1231,KOS
1244,1244,56873, 0201,KR
1245,1245,1321646, 1231,KRA
1246,1246,1025996, 1231,KRC
1247,1247,1286043, 1231,KRG
1248,1248,1295664, 1,KRNY
1249,1249,1257640, 1231,KRO
1250,1250,885639, 0201,KSS
1251,1251,54480, 1231,KSU
1252,1252,719733, 0629,KTCC
1253,1253,1069258, 1229,KTOS
1254,1254,1007587, 1231,KVHI
1255,1255,1408100, 1231,KW
1256,1256,81362, 1231,KWR
1257,1257,60086, 1231,L
1258,1258,1023128, 1231,LAD
1259,1259,798081, 0131,LAKE
1260,1260,1090425, 1231,LAMR
1261,1261,57515, 0630,LANC
1262,1262,703604, 1231,LAWS
1263,1263,1311370, 40,LAZ
1264,1264,846901, 1231,LBAI
1265,1265,1570585, 40,LBTYA
1266,1266,902274, 1231,LBY
1267,1267,57725, 0630,LCI
1268,1268,1074902, 1231,LCNB
1269,1269,60977, 1231,LDL
1270,1270,842162, 1231,LEA
1271,1271,59527, 1231,LECO
1272,1272,1333822, 40,LEDS
1273,1273,58361, 0929,LEE
1274,1274,58492, 1231,LEG
1275,1275,920760, 1130,LEN
1276,1276,889331, 1229,LFUS
1277,1277,886163, 1231,LGND
1278,1278,920148, 1231,LH
1279,1279,1303313, 1231,LHCG
1280,1280,1073431, 1231,LIFE
1281,1281,1069202, 1231,LII
1282,1282,1286613, 1231,LINC
1283,1283,721994, 1231,LKFN
1284,1284,1396033, 1231,LL
1285,1285,1391127, 1231,LLNW
1286,1286,59478, 1231,LLY
1287,1287,704051, 0331,LM
1288,1288,1158895, 1231,LMAT
1289,1289,1342423, 1031,LMNR
1290,1290,1033905, 1231,LMNX
1291,1291,936468, 1231,LMT
1292,1292,59558, 1231,LNC
1293,1293,1005286, 0526,LNDC
1294,1294,3570, 1231,LNG
1295,1295,836157, 0831,LNN
1296,1296,352541, 1231,LNT
1297,1297,1080340, 1231,LOAN
1298,1298,1120970, 1231,LODE
1299,1299,1032975, 0331,LOGI
1300,1300,1420302, 1231,LOGM
1301,1301,1434588, 1231,LOPE
1302,1302,16, 40,LOV
1303,1303,60667, 0131,LOW
1304,1304,1528129, 1231,LPI
1305,1305,10, 40,LPL
1306,1306,1397911, 1231,LPLA
1307,1307,1102993, 1231,LPSN
1308,1308,889971, 0630,LPTH
1309,1309,60519, 1231,LPX
1310,1310,1235468, 0930,LQDT
1311,1311,707549, 0628,LRCX
1312,1312,1157408, 0630,LRN
1313,1313,855658, 0102,LSCC
1314,1314,944314, 1231,LSI
1315,1315,853816, 1228,LSTR
1316,1316,887905, 1231,LTC
1317,1317,1076195, 1231,LTM
1318,1318,1114925, 0630,LTRX
1319,1319,1029730, 1231,LTS
1320,1320,16099, 0828,LUB
1321,1321,1397187, 40,LULU
1322,1322,1239819, 1231,LUNA
1323,1323,92380, 1231,LUV
1324,1324,1300514, 1231,LVS
1325,1325,814586, 1231,LWAY
1326,1326,910108, 1231,LXP
1327,1327,1062822, 1231,LXRX
1328,1328,60714, 1231,LXU
1329,1329,1489393, 7,LYB
1330,1330,763532, 0630,LYTS
1331,1331,1335258, 1231,LYV
1332,1332,57131, 0427,LZB
1333,1333,794367, 0201,M
1334,1334,1141391, 1231,MA
1335,1335,912595, 1231,MAA
1336,1336,912242, 1231,MAC
1337,1337,1274792, 1231,MACK
1338,1338,1, 40,MAG
1339,1339,1396440, 1231,MAIN
1340,1340,871763, 1231,MAN
1341,1341,1056696, 1231,MANH
1342,1342,892537, 1231,MANT
1343,1343,1048286, 1231,MAR
1344,1344,1368365, 1231,MARK
1345,1345,62996, 1231,MAS
1346,1346,937556, 1228,MASI
1347,1347,63276, 1231,MAT
1348,1348,63296, 0930,MATW
1349,1349,11, 40,MBT
1350,1350,1042729, 1231,MBWM
1351,1351,1053584, 1231,MCBC
1352,1352,1490349, 06,MCC
1353,1353,63908, 1231,MCD
1354,1354,1527709, 1231,MCEP
1355,1355,1071993, 1231,MCF
1356,1356,827054, 0331,MCHP
1357,1357,1224133, 1231,MCHX
1358,1358,927653, 0331,MCK
1359,1359,1059556, 1231,MCO
1360,1360,907242, 1231,MCRI
1361,1361,62234, 1226,MCS
1362,1362,64996, 1231,MCY
1363,1363,893949, 1231,MD
1364,1364,773141, 1231,MDC
1365,1365,876883, 6,MDCA
1366,1366,1113481, 1231,MDCO
1367,1367,65011, 0630,MDP
1368,1368,708819, 1,MDR
1369,1369,1124804, 1231,MDRX
1370,1370,1613103, 40,MDT
1371,1371,67716, 1231,MDU
1372,1372,910329, 1231,MED
1373,1373,65270, 0502,MEI
1374,1374,1099590, 40,MELI
1375,1375,886977, 40,MEOH
1376,1376,75659, 1231,MERC
1377,1377,1099219, 1231,MET
1378,1378,1055160, 1231,MFA
1379,1379,1086888, 40,MFC
1380,1380,1094810, 1231,MFSF
1381,1381,1436126, 1231,MG
1382,1382,749098, 40,MGA
1383,1383,1273931, 1231,MGI
1384,1384,1231, 40,MGIC
1385,1385,19411, 1231,MGLN
1386,1386,789570, 1231,MGM
1387,1387,835011, 1231,MGPI
1388,1388,752714, 1231,MGRC
1389,1389,851968, 1231,MHK
1390,1390,1412100, 40,MHLD
1391,1391,799292, 1231,MHO
1392,1392,1289790, 1231,MIC
1393,1393,769520, 1228,MIDD
1394,1394,926423, 0131,MIND
1395,1395,911109, 1231,MINI
1396,1396,807863, 0930,MITK
1397,1397,1514281, 1231,MITT
1398,1398,63754, 1130,MKC
1399,1399,1096343, 1231,MKL
1400,1400,1049502, 1231,MKSI
1401,1401,1278021, 1231,MKTX
1402,1402,724004, 0331,MLAB
1403,1403,66382, 0530,MLHR
1404,1404,89439, 1228,MLI
1405,1405,916076, 1231,MLM
1406,1406,1356104, 3,MLNX
1407,1407,1550603, 0930,MLVF
1408,1408,62709, 1231,MMC
1409,1409,1578732, 1231,MMI
1410,1410,1176334, 1231,MMLP
1411,1411,66740, 1231,MMM
1412,1412,1126975, 1231,MMP
1413,1413,1032220, 0930,MMS
1414,1414,856982, 1231,MMSI
1415,1415,331, 40,MMYT
1416,1416,1524223, 1231,MN
1417,1417,1056087, 1229,MNI
1418,1418,899460, 1231,MNKD
1419,1419,67625, 0930,MNR
1420,1420,876427, 0328,MNRO
1421,1421,865752, 1231,MNST
1422,1422,1235010, 1231,MNTA
1423,1423,1302028, 1231,MNTX
1424,1424,764180, 1231,MO
1425,1425,67347, 0331,MOD
1426,1426,1412665, 1231,MOFG
1427,1427,1179929, 1231,MOH
1428,1428,1289419, 1231,MORN
1429,1429,1285785, 1231,MOS
1430,1430,890394, 1231,MOSY
1431,1431,72573, 0131,MOV
1432,1432,918251, 0331,MPAA
1433,1433,1510295, 1231,MPC
1434,1434,1287865, 1231,MPW
1435,1435,1280452, 1231,MPWR
1436,1436,1129155, 1231,MPX
1437,1437,1600470, 1231,MR
1438,1438,1439095, 1231,MRC
1439,1439,1049521, 0703,MRCY
1440,1440,310158, 1231,MRK
1441,1441,1260968, 1231,MRLN
1442,1442,101778, 1231,MRO
1443,1443,799167, 1231,MRTN
1444,1444,1058057, 40,MRVL
1445,1445,895421, 1231,MS
1446,1446,66570, 1231,MSA
1447,1447,1408198, 1231,MSCI
1448,1448,66004, 1231,MSEX
1449,1449,789019, 0630,MSFT
1450,1450,1636519, 0630,MSG
1451,1451,68505, 1231,MSI
1452,1452,1003078, 0829,MSM
1453,1453,880432, 0630,MSON
1454,1454,1050446, 1231,MSTR
1455,1455,1243429, 40,MT
1456,1456,36270, 1231,MTB
1457,1457,1037646, 1231,MTD
1458,1458,1520006, 1231,MTDR
1459,1459,876437, 1231,MTG
1460,1460,833079, 1231,MTH
1461,1461,812011, 0731,MTN
1462,1462,1113256, 0930,MTOR
1463,1463,1104657, 1231,MTRN
1464,1464,866273, 0630,MTRX
1465,1465,68709, 0928,MTSC
1466,1466,1493594, 0930,MTSI
1467,1467,61986, 1231,MTW
1468,1468,891014, 1231,MTX
1469,1469,15615, 1231,MTZ
1470,1470,717423, 1231,MUR
1471,1471,1573516, 1231,MUSA
1472,1472,314203, 40,MUX
1473,1473,1099941, 09,MVC
1474,1474,65770, 1231,MVIS
1475,1475,1350593, 0930,MWA
1476,1476,1325702, 40,MX
1477,1477,743316, 0627,MXIM
1478,1478,1288469, 1231,MXL
1479,1479,69488, 1231,MYE
1480,1480,899923, 0630,MYGN
1481,1481,1623613, 40,MYL
1482,1482,700923, 1231,MYRG
1483,1483,29, 40,NAT
1484,1484,935494, 1231,NATI
1485,1485,275053, 1231,NATR
1486,1486,1399855, 0531,NAUH
1487,1487,808450, 1031,NAV
1488,1488,810509, 1231,NAVB
1489,1489,914475, 1231,NBIX
1490,1490,72207, 1231,NBL
1491,1491,811831, 0630,NBN
1492,1492,1163739, 40,NBR
1493,1493,790359, 1231,NBTB
1494,1494,1389545, 1231,NBY
1495,1495,1377630, 1226,NCMI
1496,1496,70866, 1231,NCR
1497,1497,1120193, 1231,NDAQ
1498,1498,72331, 1031,NDSN
1499,1499,1458891, 40,NE
1500,1500,1101239, 1231,EQIX
1501,1501,906107, 1231,EQR
1502,1502,33213, 1231,EQT
1503,1503,29, 40,ERF
1504,1504,1231, 40,ERIC
1505,1505,922621, 1231,ERIE
1506,1506,1421517, 1231,ERII
1507,1507,9, 40,ERJ
1508,1508,72741, 1231,ES
1509,1509,33488, 1229,ESCA
1510,1510,866706, 0930,ESE
1511,1511,3, 40,ESEA
1512,1512,1363829, 40,ESGR
1513,1513,1590714, 1231,ESI
1514,1514,1231, 40,ESLT
1515,1515,920522, 1231,ESS
1516,1516,1382230, 0930,ESSA
1517,1517,10254, 1231,ESTE
1518,1518,1276187, 1231,ET
1519,1519,1015780, 1231,ETFC
1520,1520,896156, 0630,ETH
1521,1521,1067837, 1231,ETM
1522,1522,1551182, 40,ETN
1523,1523,65984, 1231,ETR
1524,1524,350797, 1031,EV
1525,1525,842518, 1231,EVBN
1526,1526,1109116, 1231,EVC
1527,1527,1640428, 1231,EVER
1528,1528,1052054, 1231,EVOL
1529,1529,1360901, 1231,EVR
1530,1530,1099800, 1231,EW
1531,1531,1069157, 1231,EWBC
1532,1532,1124140, 1231,EXAS
1533,1533,1109357, 1231,EXC
1534,1534,939767, 0103,EXEL
1535,1535,16, 40,EXFO
1536,1536,20, 40,EXK
1537,1537,1297989, 40,EXLS
1538,1538,918646, 0331,EXP
1539,1539,746515, 1231,EXPD
1540,1540,1324424, 1231,EXPE
1541,1541,851520, 0103,EXPO
1542,1542,1483510, 0201,EXPR
1543,1543,1289490, 1231,EXR
1544,1544,1078271, 0630,EXTR
1545,1545,876523, 0930,EZPW
1546,1546,37996, 1231,F
1547,1547,1472787, 1231,FAF
1548,1548,34563, 0630,FARM
1549,1549,917491, 1231,FARO
1550,1550,815556, 1231,FAST
1551,1551,1033012, 1231,FBC
1552,1552,1519751, 1231,FBHS
1553,1553,1521951, 1231,FBIZ
1554,1554,947559, 1231,FBMS
1555,1555,811589, 1231,FBNC
1556,1556,1057706, 1231,FBP
1557,1557,886206, 0831,FC
1558,1558,859070, 1231,FCBC
1559,1559,932781, 1231,FCCO
1560,1560,1141807, 1231,FCCY
1561,1561,886128, 1031,FCEL
1562,1562,712537, 1231,FCF
1563,1563,840489, 1231,FCFS
1564,1564,887936, 1231,FCN
1565,1565,831259, 1231,FCX
1566,1566,946647, 1231,FDEF
1567,1567,1047340, 9,FDP
1568,1568,1013237, 0831,FDS
1569,1569,1513363, 1231,FDUS
1570,1570,1048911, 0531,FDX
1571,1571,1031296, 1231,FE
1572,1572,38725, 1231,FELE
1573,1573,4, 40,FENG
1574,1574,1401257, 1231,FET
1575,1575,1337298, 1231,FF
1576,1576,708955, 1231,FFBC
1577,1577,1012771, 1231,FFG
1578,1578,923139, 1231,FFIC
1579,1579,36029, 1231,FFIN
1580,1580,1048695, 0930,FFIV
1581,1581,1401564, 1231,FFNW
1582,1582,922358, 0731,FGP
1583,1583,36966, 1231,FHN
1584,1584,860413, 1231,FIBK
1585,1585,814547, 0930,FICO
1586,1586,1056288, 1231,FII
1587,1587,1136893, 1231,FIS
1588,1588,862831, 1231,FISI
1589,1589,798354, 1231,FISV
1590,1590,35527, 1231,FITB
1591,1591,1035983, 1231,FIX
1592,1592,69891, 0501,FIZZ
1593,1593,850209, 0201,FL
1594,1594,1162194, 1231,FLDM
1595,1595,866374, 40,FLEX
1596,1596,740663, 1231,FLIC
1597,1597,354908, 1231,FLIR
1598,1598,891482, 1231,FLL
1599,1599,1128928, 1228,FLO
1600,1600,1641991, 1231,FLOW
1601,1601,1124198, 1231,FLR
1602,1602,30625, 1231,FLS
1603,1603,1175454, 1231,FLT
1604,1604,1084869, 0628,FLWS
1605,1605,29, 40,FLY
1606,1606,702325, 1231,FMBI
1607,1607,37785, 1231,FMC
1608,1608,709337, 1231,FMNB
1609,1609,2, 40,FMS
1610,1610,1231, 40,FMX
1611,1611,1408710, 40,FN
1612,1612,37808, 1231,FNB
1613,1613,1331875, 1231,FNF
1614,1614,1231, 40,FNV
1615,1615,35214, 1231,FOE
1616,1616,1178879, 1231,FOLD
1617,1617,1406587, 0930,FOR
1618,1618,1039399, 1228,FORM
1619,1619,1023313, 1231,FORR
1620,1620,883569, 1228,FOSL
1621,1621,921825, 1231,FR
1622,1622,1399935, 0201,FRAN
1623,1623,834285, 1231,FRBK
1624,1624,40, NULL,FRC
1625,1625,712534, 1231,FRME
1626,1626,11, 40,FRO
1627,1627,34903, 1231,FRT
1628,1628,1435508, 0930,FSFG
1629,1629,1069394, 40,FSI
1630,1630,1274494, 1231,FSLR
1631,1631,37914, 1102,FSM
1632,1632,1031316, 1231,FSP
1633,1633,277509, 1231,FSS
1634,1634,352825, 1231,FSTR
1635,1635,846913, 1231,FTEK
1636,1636,1681459, 40,FTI
1637,1637,928054, 1231,FTK
1638,1638,1262039, 1231,FTNT
1639,1639,20520, 1231,FTR
1640,1640,39368, 1130,FUL
1641,1641,700564, 1231,FULT
1642,1642,811532, 1231,FUN
1643,1643,1159281, 1231,FVE
1644,1644,912728, 1231,FWRD
1645,1645,1398659, 40,G
1646,1646,714395, 1231,GABC
1647,1647,1089872, 1231,GAIA
1648,1648,1321741, 0331,GAIN
1649,1649,1133416, 1231,GALT
1650,1650,1328919, 40,GASS
1651,1651,868671, 1231,GBCI
1652,1652,1476765, 14,GBDC
1653,1653,1060349, 1231,GBL
1654,1654,1494904, 40,GBLI
1655,1655,923120, 0831,GBX
1656,1656,1444363, 1231,GCAP
1657,1657,1635718, 1231,GCI
1658,1658,18498, 0201,GCO
1659,1659,40533, 1231,GD
1660,1660,1699150, 1231,GDI
1661,1661,1386278, 1231,GDOT
1662,1662,943861, 1231,GDP
1663,1663,40545, 1231,GE
1664,1664,43920, 1031,GEF
1665,1665,1022321, 1231,GEL
1666,1666,64472, 0930,GENC
1667,1667,923796, 1231,GEO
1668,1668,886744, 1231,GERN
1669,1669,912463, 0201,GES
1670,1670,1392380, 1231,GEVO
1671,1671,50725, 0930,GFF
1672,1672,6, 40,GFI
1673,1673,1342287, 0630,GFN
1674,1674,42888, 1227,GGG
1675,1675,1131324, 1231,GHDX
1676,1676,1282977, 1231,GHL
1677,1677,716314, 0331,GHM
1678,1678,30, 40,GIB
1679,1679,1031623, 1231,GIFI
1680,1680,1719489, 0930,GIG
1681,1681,821002, 0131,GIII
1682,1682,9, 40,GIL
1683,1683,882095, 1231,GILD
1684,1684,1231, 40,GILT
1685,1685,40704, 0529,GIS
1686,1686,1143513, 0930,GLAD
1687,1687,1372020, 1231,GLDD
1688,1688,0, 40,GLNG
1689,1689,0, 40,GLOG
1690,1690,746210, 1231,GLOW
1691,1691,1323468, 1231,GLP
1692,1692,1385613, 40,GLRE
1693,1693,41719, 1231,GLT
1694,1694,1366246, 1231,GLUU
1695,1695,24741, 1231,GLW
1696,1696,1467858, 1231,GM
1697,1697,1326380, 0201,GME
1698,1698,1231, 40,GMLP
1699,1699,1275229, 1231,GMO
1700,1700,1502034, 1231,GNC
1701,1701,1528356, 1231,GNE
1702,1702,1326200, 1,GNK
1703,1703,1487371, 1231,GNMK
1704,1704,1474735, 1231,GNRC
1705,1705,355811, 1231,GNTX
1706,1706,1276520, 1231,GNW
1707,1707,1231, 40,GOL
1708,1708,756894, 40,GOLD
1709,1709,1672013, 1231,GOLF
1710,1710,1234006, 1231,GOOD
1711,1711,1652044, 1231,GOOG
1712,1712,1160791, 1231,GORO
1713,1713,40987, 1231,GPC
1714,1714,1031203, 1231,GPI
1715,1715,1408075, 1231,GPK
1716,1716,17, 40,GPL
1717,1717,1123360, 1231,GPN
1718,1718,874499, 1231,GPOR
1719,1719,1309402, 1231,GPRE
1720,1720,1500435, 1231,GPRO
1721,1721,39911, 0202,GPS
1722,1722,70415, 1231,GPX
1723,1723,1045309, 1231,GRA
1724,1724,42682, 1231,GRC
1725,1725,1438569, 40,GRFS
1726,1726,1121788, 40,GRMN
1727,1727,1490281, 1231,GRPN
1728,1728,886982, 1231,GS
1729,1729,1366868, 1231,GSAT
1730,1730,1112920, 1231,GSB
1731,1731,854560, 1231,GSBC
1732,1732,1126741, 0331,GSIT
1733,1733,1131399, 40,GSK
1734,1734,1430725, 40,GSL
1735,1735,12, 40,GSM
1736,1736,903571, 40,GSS
1737,1737,42582, 1231,GT
1738,1738,1273441, 40,GTE
1739,1739,825324, 0924,GTIM
1740,1740,892553, 1231,GTLS
1741,1741,43196, 1231,GTN
1742,1742,1171662, 1231,GTS
1743,1743,1052752, 1231,GTY
1744,1744,861459, 1231,GVA
1745,1745,944480, 1231,GVP
1746,1746,1012620, 1231,GWR
1747,1747,1528396, 0731,GWRE
1748,1748,277135, 1231,GWW
1749,1749,1468174, 1231,H
1750,1750,1172222, 1231,HA
1751,1751,313143, 0328,HAE
1752,1752,1109242, 1231,HAFC
1753,1753,910406, 0630,HAIN
1754,1754,45012, 1231,HAL
1755,1755,819913, 1231,HALL
1756,1756,1159036, 1231,HALO
1757,1757,46080, 1229,HAS
1758,1758,858655, 0930,HAYN
1759,1759,49196, 1231,HBAN
1760,1760,1436425, 1231,HBCP
1761,1761,1359841, 1228,HBI
1762,1762,1123494, 1231,HBIO
1763,1763,1231, 40,HBM
1764,1764,706129, 1231,HBNC
1765,1765,860730, 1231,HCA
1766,1766,1691303, 1231,HCC
1767,1767,1403431, 0103,HCCI
1768,1768,1057379, 1227,HCKT
1769,1769,765880, 1231,HCP
1770,1770,731012, 1231,HCSG
1771,1771,354950, 0202,HD
1772,1772,925528, 1231,HDSN
1773,1773,354707, 1231,HE
1774,1774,1339605, 1231,HEES
1775,1775,46619, 1031,HEI
1776,1776,916789, 40,HELE
1777,1777,1283140, 1231,HEP
1778,1778,4447, 1231,HES
1779,1779,48039, 1231,HFC
1780,1780,1046025, 1231,HFWA
1781,1781,1498828, 1231,HHC
1782,1782,45919, 1231,HHS
1783,1783,1417398, 0930,HI
1784,1784,1017480, 0201,HIBB
1785,1785,874766, 1231,HIG
1786,1786,1501585, 1231,HII
1787,1787,1287808, 1231,HIL
1788,1788,1231, 40,HIMX
1789,1789,921082, 1231,HIW
1790,1790,719413, 1231,HL
1791,1791,1180262, 40,HLF
1792,1792,851310, 1231,HLIT
1793,1793,866829, 1231,HLX
1794,1794,331, 40,HMC
1795,1795,850141, 1231,HMN
1796,1796,1518715, 1231,HMST
1797,1797,1196501, 1231,HMSY
1798,1798,48287, 1228,HNI
1799,1799,788965, 1231,HNRG
1800,1800,1077688, 0131,HOFT
1801,1801,793952, 1231,HOG
1802,1802,3, 40,HOLI
1803,1803,859737, 0928,HOLX
1804,1804,1331520, 1231,HOMB
1805,1805,1646228, 0125,HOME
1806,1806,773840, 1231,HON
1807,1807,1131227, 1231,HOS
1808,1808,357294, 1031,HOV
1809,1809,46765, 0930,HP
1810,1810,1482512, 1231,HPP
1811,1811,47217, 1031,HPQ
1812,1812,899749, 1231,HR
1813,1813,12659, 0430,HRB
1814,1814,47518, 0930,HRC
1815,1815,48465, 1027,HRL
1816,1816,1487428, 1231,HRZN
1817,1817,45876, 1231,HSC
1818,1818,1000228, 1228,HSIC
1819,1819,1066605, 1231,HSII
1820,1820,1038133, 1231,HSKA
1821,1821,1210708, 1231,HSON
1822,1822,1070750, 1231,HST
1823,1823,1095565, 1231,HSTM
1824,1824,47111, 1231,HSY
1825,1825,1063344, 1231,HT
1826,1826,1053352, 1231,HTBK
1827,1827,1280784, 19,HTGC
1828,1828,1265131, 1231,HTH
1829,1829,24, 40,HTHT
1830,1830,799233, 1231,HTLD
1831,1831,920112, 1231,HTLF
1832,1832,1657853, 1231,HTZ
1833,1833,940942, 1231,HUBG
1834,1834,49071, 1231,HUM
1835,1835,1307954, 1231,HUN
1836,1836,1289848, 1231,HURN
1837,1837,216085, 1231,HVT
1838,1838,1356949, 1231,HWCC
1839,1839,717605, 1231,HXL
1840,1840,1492426, 40,HZNP
1841,1841,1057060, 0930,HZO
1842,1842,1231, 40,IAG
1843,1843,917520, 1231,IART
1844,1844,21, 1231,IBA
1845,1845,39311, 1231,IBCP
1846,1846,933141, 1231,IBKC
1847,1847,1381197, 1231,IBKR
1848,1848,51143, 1231,IBM
1849,1849,331, 40,IBN
1850,1850,749660, 1231,ICAD
1851,1851,1571949, 1231,ICE
1852,1852,1362004, 1231,ICFI
1853,1853,531, 40,ICLR
1854,1854,857737, 1231,ICON
1855,1855,883984, 1231,ICUI
1856,1856,1057877, 1231,IDA
1857,1857,1405495, 1231,IDCC
1858,1858,1040896, 1231,IDN
1859,1859,861838, 1231,IDRA
1860,1860,4187, 1231,IDSA
1861,1861,874716, 1231,IDXX
1862,1862,49728, 0930,IEC
1863,1863,813762, 1231,IEP
1864,1864,832101, 1231,IEX
1865,1865,51253, 1231,IFF
1866,1866,1326205, 0331,IGC
1867,1867,1, 40,IGT
1868,1868,764401, 0928,IIIN
1869,1869,88790, 1231,IIN
1870,1870,820318, 0630,IIVI
1871,1871,1110803, 1229,ILMN
1872,1872,921582, 40,IMAX
1873,1873,855654, 1231,IMGN
1874,1874,1058811, 1231,IMMR
1875,1875,722830, 1231,IMMU
1876,1876,1231, 40,IMO
1877,1877,1231, 40,IMOS
1878,1878,1056386, 1231,INAP
1879,1879,879169, 1231,INCY
1880,1880,776901, 1231,INDB
1881,1881,1113148, 1231,INFI
1882,1882,1138639, 1228,INFN
1883,1883,1337013, 1231,INFU
1884,1884,12, 40,INFY
1885,1885,1497645, 1231,INN
1886,1886,1055726, 1231,INO
1887,1887,903651, 1231,INOD
1888,1888,1104506, 1231,INSM
1889,1889,1609550, 1231,INSP
1890,1890,789460, 1231,INT
1891,1891,50863, 1228,INTC
1892,1892,913760, 0930,INTL
1893,1893,1036262, 1231,INTT
1894,1894,896878, 0731,INTU
1895,1895,829323, 1231,INUV
1896,1896,1036044, 1231,INVE
1897,1897,1350381, 1231,INWK
1898,1898,7, 40,INXN
1899,1899,866609, 1231,IO
1900,1900,1054905, 1231,IOSP
1901,1901,51434, 1231,IP
1902,1902,822663, 1231,IPAR
1903,1903,51644, 1231,IPG
1904,1904,1111928, 1231,IPGP
1905,1905,1160958, 1231,IPHI
1906,1906,1364099, 1231,IPHS
1907,1907,1421461, 1231,IPI
1908,1908,1466258, 40,IR
1909,1909,1159167, 1228,IRBT
1910,1910,1418819, 1231,IRDM
1911,1911,798359, 1231,IRET
1912,1912,1006045, 1228,IRIX
1913,1913,1020569, 1231,IRM
1914,1914,933267, 40,IRS
1915,1915,1446847, 1231,IRWD
1916,1916,1326807, 0630,ISBC
1917,1917,943034, 1231,ISNS
1918,1918,728387, 0630,ISR
1919,1919,1035267, 1231,ISRG
1920,1920,749251, 1231,IT
1921,1921,350868, 0331,ITI
1922,1922,780571, 1231,ITRI
1923,1923,1231, 40,ITRN
1924,1924,216228, 1231,ITT
1925,1925,1, 40,ITUB
1926,1926,49826, 1231,ITW
1927,1927,1001902, 1231,IVAC
1928,1928,742112, 1231,IVC
1929,1929,1437071, 1231,IVR
1930,1930,914208, 0,IVZ
1931,1931,807882, 0929,JACK
1932,1932,1685715, 1231,JAG
1933,1933,1009829, 1231,JAKK
1934,1934,1617227, 1230,JAX
1935,1935,1232524, 40,JAZZ
1936,1936,728535, 1231,JBHT
1937,1937,898293, 0831,JBL
1938,1938,1158463, 1231,JBLU
1939,1939,1433660, 1231,JBT
1940,1940,833444, 40,JCI
1941,1941,1084048, 1231,JCOM
1942,1942,1166126, 0130,JCP
1943,1943,22701, 1231,JCS
1944,1944,331, 40,JE
1945,1945,52988, 0927,JEC
1946,1946,785956, 0928,JJSF
1947,1947,779152, 0630,JKHY
1948,1948,1231, 40,JKS
1949,1949,1037976, 1231,JLL
1950,1950,1302350, 1231,JMP
1951,1951,200406, 1229,JNJ
1952,1952,1043604, 1231,JNPR
1953,1953,1231, 40,JOBS
1954,1954,745308, 1231,JOE
1955,1955,788329, 0927,JOUT
1956,1956,19617, 1231,JPM
1957,1957,1007019, 1031,JVA
1958,1958,72333, 0201,JWN
1959,1959,55067, 1228,K
1960,1960,886346, 1228,KAI
1961,1961,811596, 1231,KALU
1962,1962,54381, 1231,KAMN
1963,1963,1395942, 1231,KAR
1964,1964,795266, 1130,KBH
1965,1965,1357615, 1231,KBR
1966,1966,318996, 1231,KEG
1967,1967,55135, 1229,KELYA
1968,1968,887730, 0331,KEM
1969,1969,55529, 0430,KEQU
1970,1970,56047, 1231,KEX
1971,1971,91576, 1231,KEY
1972,1972,930420, 1231,KFRC
1973,1973,56679, 0430,KFY
1974,1974,701818, 40,KGC
1975,1975,879101, 1231,KIM
1976,1976,33992, 1231,KINS
1977,1977,1056285, 0201,KIRK
1978,1978,1404912, 1231,KKR
1979,1979,319201, 0630,KLAC
1980,1980,56978, 40,KLIC
1981,1981,55785, 1231,KMB
1982,1982,1506307, 1231,KMI
1983,1983,860748, 1231,KMPR
1984,1984,55242, 0630,KMT
1985,1985,1170010, 0229,KMX
1986,1986,1011570, 1231,KNL
1987,1987,1492691, 1231,KNX
1988,1988,21344, 1231,KO
1989,1989,19, 40,KOF
1990,1990,811212, 1231,KOOL
1991,1991,1315257, 1231,KOP
1992,1992,771266, 1228,KOPN
1993,1993,1509991, 1231,KOS
1994,1994,56873, 0201,KR
1995,1995,1321646, 1231,KRA
1996,1996,1025996, 1231,KRC
1997,1997,1286043, 1231,KRG
1998,1998,1295664, 1,KRNY
1999,1999,1257640, 1231,KRO
2000,2000,885639, 0201,KSS
2001,2001,54480, 1231,KSU
2002,2002,719733, 0629,KTCC
2003,2003,1069258, 1229,KTOS
2004,2004,1007587, 1231,KVHI
2005,2005,1408100, 1231,KW
2006,2006,81362, 1231,KWR
2007,2007,60086, 1231,L
2008,2008,1023128, 1231,LAD
2009,2009,798081, 0131,LAKE
2010,2010,1090425, 1231,LAMR
2011,2011,57515, 0630,LANC
2012,2012,703604, 1231,LAWS
2013,2013,1311370, 40,LAZ
2014,2014,846901, 1231,LBAI
2015,2015,1570585, 40,LBTYA
2016,2016,902274, 1231,LBY
2017,2017,57725, 0630,LCI
2018,2018,1074902, 1231,LCNB
2019,2019,60977, 1231,LDL
2020,2020,842162, 1231,LEA
2021,2021,59527, 1231,LECO
2022,2022,1333822, 40,LEDS
2023,2023,58361, 0929,LEE
2024,2024,58492, 1231,LEG
2025,2025,920760, 1130,LEN
2026,2026,889331, 1229,LFUS
2027,2027,886163, 1231,LGND
2028,2028,920148, 1231,LH
2029,2029,1303313, 1231,LHCG
2030,2030,1073431, 1231,LIFE
2031,2031,1069202, 1231,LII
2032,2032,1286613, 1231,LINC
2033,2033,721994, 1231,LKFN
2034,2034,1396033, 1231,LL
2035,2035,1391127, 1231,LLNW
2036,2036,59478, 1231,LLY
2037,2037,704051, 0331,LM
2038,2038,1158895, 1231,LMAT
2039,2039,1342423, 1031,LMNR
2040,2040,1033905, 1231,LMNX
2041,2041,936468, 1231,LMT
2042,2042,59558, 1231,LNC
2043,2043,1005286, 0526,LNDC
2044,2044,3570, 1231,LNG
2045,2045,836157, 0831,LNN
2046,2046,352541, 1231,LNT
2047,2047,1080340, 1231,LOAN
2048,2048,1120970, 1231,LODE
2049,2049,1032975, 0331,LOGI
2050,2050,1420302, 1231,LOGM
2051,2051,1434588, 1231,LOPE
2052,2052,16, 40,LOV
2053,2053,60667, 0131,LOW
2054,2054,1528129, 1231,LPI
2055,2055,10, 40,LPL
2056,2056,1397911, 1231,LPLA
2057,2057,1102993, 1231,LPSN
2058,2058,889971, 0630,LPTH
2059,2059,60519, 1231,LPX
2060,2060,1235468, 0930,LQDT
2061,2061,707549, 0628,LRCX
2062,2062,1157408, 0630,LRN
2063,2063,855658, 0102,LSCC
2064,2064,944314, 1231,LSI
2065,2065,853816, 1228,LSTR
2066,2066,887905, 1231,LTC
2067,2067,1076195, 1231,LTM
2068,2068,1114925, 0630,LTRX
2069,2069,1029730, 1231,LTS
2070,2070,16099, 0828,LUB
2071,2071,1397187, 40,LULU
2072,2072,1239819, 1231,LUNA
2073,2073,92380, 1231,LUV
2074,2074,1300514, 1231,LVS
2075,2075,814586, 1231,LWAY
2076,2076,910108, 1231,LXP
2077,2077,1062822, 1231,LXRX
2078,2078,60714, 1231,LXU
2079,2079,1489393, 7,LYB
2080,2080,763532, 0630,LYTS
2081,2081,1335258, 1231,LYV
2082,2082,57131, 0427,LZB
2083,2083,794367, 0201,M
2084,2084,1141391, 1231,MA
2085,2085,912595, 1231,MAA
2086,2086,912242, 1231,MAC
2087,2087,1274792, 1231,MACK
2088,2088,1, 40,MAG
2089,2089,1396440, 1231,MAIN
2090,2090,871763, 1231,MAN
2091,2091,1056696, 1231,MANH
2092,2092,892537, 1231,MANT
2093,2093,1048286, 1231,MAR
2094,2094,1368365, 1231,MARK
2095,2095,62996, 1231,MAS
2096,2096,937556, 1228,MASI
2097,2097,63276, 1231,MAT
2098,2098,63296, 0930,MATW
2099,2099,11, 40,MBT
2100,2100,1042729, 1231,MBWM
2101,2101,1053584, 1231,MCBC
2102,2102,1490349, 06,MCC
2103,2103,63908, 1231,MCD
2104,2104,1527709, 1231,MCEP
2105,2105,1071993, 1231,MCF
2106,2106,827054, 0331,MCHP
2107,2107,1224133, 1231,MCHX
2108,2108,927653, 0331,MCK
2109,2109,1059556, 1231,MCO
2110,2110,907242, 1231,MCRI
2111,2111,62234, 1226,MCS
2112,2112,64996, 1231,MCY
2113,2113,893949, 1231,MD
2114,2114,773141, 1231,MDC
2115,2115,876883, 6,MDCA
2116,2116,1113481, 1231,MDCO
2117,2117,65011, 0630,MDP
2118,2118,708819, 1,MDR
2119,2119,1124804, 1231,MDRX
2120,2120,1613103, 40,MDT
2121,2121,67716, 1231,MDU
2122,2122,910329, 1231,MED
2123,2123,65270, 0502,MEI
2124,2124,1099590, 40,MELI
2125,2125,886977, 40,MEOH
2126,2126,75659, 1231,MERC
2127,2127,1099219, 1231,MET
2128,2128,1055160, 1231,MFA
2129,2129,1086888, 40,MFC
2130,2130,1094810, 1231,MFSF
2131,2131,1436126, 1231,MG
2132,2132,749098, 40,MGA
2133,2133,1273931, 1231,MGI
2134,2134,1231, 40,MGIC
2135,2135,19411, 1231,MGLN
2136,2136,789570, 1231,MGM
2137,2137,835011, 1231,MGPI
2138,2138,752714, 1231,MGRC
2139,2139,851968, 1231,MHK
2140,2140,1412100, 40,MHLD
2141,2141,799292, 1231,MHO
2142,2142,1289790, 1231,MIC
2143,2143,769520, 1228,MIDD
2144,2144,926423, 0131,MIND
2145,2145,911109, 1231,MINI
2146,2146,807863, 0930,MITK
2147,2147,1514281, 1231,MITT
2148,2148,63754, 1130,MKC
2149,2149,1096343, 1231,MKL
2150,2150,1049502, 1231,MKSI
2151,2151,1278021, 1231,MKTX
2152,2152,724004, 0331,MLAB
2153,2153,66382, 0530,MLHR
2154,2154,89439, 1228,MLI
2155,2155,916076, 1231,MLM
2156,2156,1356104, 3,MLNX
2157,2157,1550603, 0930,MLVF
2158,2158,62709, 1231,MMC
2159,2159,1578732, 1231,MMI
2160,2160,1176334, 1231,MMLP
2161,2161,66740, 1231,MMM
2162,2162,1126975, 1231,MMP
2163,2163,1032220, 0930,MMS
2164,2164,856982, 1231,MMSI
2165,2165,331, 40,MMYT
2166,2166,1524223, 1231,MN
2167,2167,1056087, 1229,MNI
2168,2168,899460, 1231,MNKD
2169,2169,67625, 0930,MNR
2170,2170,876427, 0328,MNRO
2171,2171,865752, 1231,MNST
2172,2172,1235010, 1231,MNTA
2173,2173,1302028, 1231,MNTX
2174,2174,764180, 1231,MO
2175,2175,67347, 0331,MOD
2176,2176,1412665, 1231,MOFG
2177,2177,1179929, 1231,MOH
2178,2178,1289419, 1231,MORN
2179,2179,1285785, 1231,MOS
2180,2180,890394, 1231,MOSY
2181,2181,72573, 0131,MOV
2182,2182,918251, 0331,MPAA
2183,2183,1510295, 1231,MPC
2184,2184,1287865, 1231,MPW
2185,2185,1280452, 1231,MPWR
2186,2186,1129155, 1231,MPX
2187,2187,1600470, 1231,MR
2188,2188,1439095, 1231,MRC
2189,2189,1049521, 0703,MRCY
2190,2190,310158, 1231,MRK
2191,2191,1260968, 1231,MRLN
2192,2192,101778, 1231,MRO
2193,2193,799167, 1231,MRTN
2194,2194,1058057, 40,MRVL
2195,2195,895421, 1231,MS
2196,2196,66570, 1231,MSA
2197,2197,1408198, 1231,MSCI
2198,2198,66004, 1231,MSEX
2199,2199,789019, 0630,MSFT
2200,2200,1636519, 0630,MSG
2201,2201,68505, 1231,MSI
2202,2202,1003078, 0829,MSM
2203,2203,880432, 0630,MSON
2204,2204,1050446, 1231,MSTR
2205,2205,1243429, 40,MT
2206,2206,36270, 1231,MTB
2207,2207,1037646, 1231,MTD
2208,2208,1520006, 1231,MTDR
2209,2209,876437, 1231,MTG
2210,2210,833079, 1231,MTH
2211,2211,812011, 0731,MTN
2212,2212,1113256, 0930,MTOR
2213,2213,1104657, 1231,MTRN
2214,2214,866273, 0630,MTRX
2215,2215,68709, 0928,MTSC
2216,2216,1493594, 0930,MTSI
2217,2217,61986, 1231,MTW
2218,2218,891014, 1231,MTX
2219,2219,15615, 1231,MTZ
2220,2220,717423, 1231,MUR
2221,2221,1573516, 1231,MUSA
2222,2222,314203, 40,MUX
2223,2223,1099941, 09,MVC
2224,2224,65770, 1231,MVIS
2225,2225,1350593, 0930,MWA
2226,2226,1325702, 40,MX
2227,2227,743316, 0627,MXIM
2228,2228,1288469, 1231,MXL
2229,2229,69488, 1231,MYE
2230,2230,899923, 0630,MYGN
2231,2231,1623613, 40,MYL
2232,2232,700923, 1231,MYRG
2233,2233,29, 40,NAT
2234,2234,935494, 1231,NATI
2235,2235,275053, 1231,NATR
2236,2236,1399855, 0531,NAUH
2237,2237,808450, 1031,NAV
2238,2238,810509, 1231,NAVB
2239,2239,914475, 1231,NBIX
2240,2240,72207, 1231,NBL
2241,2241,811831, 0630,NBN
2242,2242,1163739, 40,NBR
2243,2243,790359, 1231,NBTB
2244,2244,1389545, 1231,NBY
2245,2245,1377630, 1226,NCMI
2246,2246,70866, 1231,NCR
2247,2247,1120193, 1231,NDAQ
2248,2248,72331, 1031,NDSN
2249,2249,1458891, 40,NE
2250,2250,753308, 1231,NEE
2251,2251,1164727, 1231,NEM
2252,2252,711377, 0531,NEOG
2253,2253,87050, 40,NEON
2254,2254,1603145, 1231,NEP
2255,2255,1401395, 40,NEPT
2256,2256,1282637, 1231,NEU
2257,2257,1587987, 1231,NEWT
2258,2258,1493225, 1231,NFBK
2259,2259,70145, 0930,NFG
2260,2260,1065280, 1231,NFLX
2261,2261,1173420, 40,NG
2262,2262,26, 40,NGD
2263,2263,1504461, 0331,NGL
2264,2264,1084991, 1231,NGS
2265,2265,877860, 1231,NHI
2266,2266,1111711, 1231,NI
2267,2267,8, 40,NICE
2268,2268,1037016, 1231,NIHD
2269,2269,1532286, 1231,NINE
2270,2270,1231, 40,NIO
2271,2271,356309, 0930,NJR
2272,2272,320187, 0531,NKE
2273,2273,796534, 1231,NKSH
2274,2274,906709, 1231,NKTR
2275,2275,1126234, 1231,NLNK
2276,2276,1078207, 1231,NLS
2277,2277,1492633, 7,NLSN
2278,2278,1282631, 1228,NLST
2279,2279,1043219, 1231,NLY
2280,2280,1333172, 40,NM
2281,2281,1496099, 18,NMFC
2282,2282,1231, 40,NMM
2283,2283,1437260, 40,NNA
2284,2284,918541, 1231,NNBR
2285,2285,751364, 1231,NNN
2286,2286,4, 40,NOAH
2287,2287,1133421, 1231,NOC
2288,2288,40, NULL,NOG
2289,2289,1231, 40,NOK
2290,2290,1021860, 1231,NOV
2291,2291,1296435, 1231,NP
2292,2292,1164863, 1231,NPO
2293,2293,1227025, 1231,NPTN
2294,2294,71829, 1231,NR
2295,2295,70487, 1231,NRC
2296,2296,1013871, 1231,NRG
2297,2297,1163370, 1231,NRIM
2298,2298,1171486, 1231,NRP
2299,2299,1110805, 1231,NS
2300,2300,702165, 1231,NSC
2301,2301,932696, 1231,NSIT
2302,2302,1000753, 1231,NSP
2303,2303,69633, 0630,NSSC
2304,2304,1002047, 0424,NTAP
2305,2305,1078075, 0331,NTCT
2306,2306,22, 40,NTES
2307,2307,1122904, 1231,NTGR
2308,2308,875582, 0831,NTIC
2309,2309,748592, 1231,NTN
2310,2310,73124, 1231,NTRS
2311,2311,1039280, 0630,NTWK
2312,2312,1002517, 0930,NUAN
2313,2313,73309, 1231,NUE
2314,2314,1289850, 1231,NURO
2315,2315,1021561, 1231,NUS
2316,2316,1142596, 1231,NUVA
2317,2317,1000694, 1231,NVAX
2318,2318,1045810, 0126,NVDA
2319,2319,724910, 0331,NVEC
2320,2320,1109345, 40,NVMI
2321,2321,353278, 40,NVO
2322,2322,906163, 1231,NVR
2323,2323,1114448, 40,NVS
2324,2324,1471265, 1231,NWBI
2325,2325,73088, 1231,NWE
2326,2326,814453, 40,NWL
2327,2327,1733998, 1231,NWN
2328,2328,1001385, 1231,NWPX
2329,2329,1564708, 0630,NWS
2330,2330,1564708, 0630,NWSA
2331,2331,1423221, 1031,NX
2332,2332,1413447, 2010,NXPI
2333,2333,1142417, 1231,NXST
2334,2334,1273685, 1231,NYMT
2335,2335,71691, 1229,NYT
2336,2336,726728, 1231,O
2337,2337,1486159, 1231,OAS
2338,2338,1370946, 1231,OC
2339,2339,1004702, 1231,OCFC
2340,2340,873860, 1231,OCN
2341,2341,878927, 1231,ODFL
2342,2342,800240, 1228,ODP
2343,2343,1409375, 0331,OESX
2344,2344,860546, 1231,OFC
2345,2345,1030469, 1231,OFG
2346,2346,884624, 1231,OFIX
2347,2347,1021635, 1231,OGE
2348,2348,888491, 1231,OHI
2349,2349,812074, 1231,OI
2350,2350,73756, 1231,OII
2351,2351,1231, 40,OIIM
2352,2352,1121484, 1231,OIS
2353,2353,1039684, 1231,OKE
2354,2354,1253317, 1231,OLBK
2355,2355,74303, 1231,OLN
2356,2356,712770, 1231,OLP
2357,2357,1231, 40,OMAB
2358,2358,29989, 1231,OMC
2359,2359,926326, 1231,OMCL
2360,2360,1285819, 1231,OMER
2361,2361,798528, 1231,OMEX
2362,2362,75252, 1231,OMI
2363,2363,1090061, 1130,OMN
2364,2364,707179, 1231,ONB
2365,2365,1231, 40,ONCY
2366,2366,944809, 1231,OPK
2367,2367,1108924, 0331,OPNT
2368,2368,1378140, 0430,OPTT
2369,2369,1296445, 1231,ORA
2370,2370,1361983, 1231,ORBC
2371,2371,1341439, 0531,ORCL
2372,2372,74260, 1231,ORI
2373,2373,1374756, 0630,ORIT
2374,2374,898173, 1231,ORLY
2375,2375,1402829, 1231,ORN
2376,2376,826154, 1231,ORRF
2377,2377,357173, 1231,OSBC
2378,2378,1039065, 0630,OSIS
2379,2379,775158, 0930,OSK
2380,2380,1130713, 1231,OSTK
2381,2381,1116463, 1231,OSUR
2382,2382,1002638, 40,OTEX
2383,2383,1466593, 1231,OTTR
2384,2384,75288, 0201,OXM
2385,2385,797468, 1231,OXY
2386,2386,1070423, 1231,PAA
2387,2387,1231, 40,PAAS
2388,2388,1231, 40,PAC
2389,2389,1299130, 1231,PACB
2390,2390,1299130, 1231,PACD
2391,2391,1102112, 1231,PACW
2392,2392,1019849, 1231,PAG
2393,2393,1231, 40,PAM
2394,2394,1005284, 1231,PANL
2395,2395,708821, 1231,PAR
2396,2396,76605, 1231,PATK
2397,2397,723531, 0531,PAYX
2398,2398,1068851, 1231,PB
2399,2399,1231, 40,PBA
2400,2400,1378946, 1231,PBCT
2401,2401,1295947, 0331,PBH
2402,2402,78814, 1231,PBI
2403,2403,2, 40,PBR
2404,2404,75362, 1231,PCAR
2405,2405,1004980, 1231,PCG
2406,2406,1338749, 1231,PCH
2407,2407,1204413, 40,PCOM
2408,2408,1396814, 1231,PCRX
2409,2409,1057083, 40,PCTI
2410,2410,50471, 0630,PCYG
2411,2411,276720, 0831,PCYO
2412,2412,891024, 0425,PDCO
2413,2413,1120914, 1231,PDFS
2414,2414,882104, 1231,PDLI
2415,2415,1042776, 1231,PDM
2416,2416,1013605, 40,PDS
2417,2417,1474098, 1231,PEB
2418,2418,318300, 1231,PEBO
2419,2419,788784, 1231,PEG
2420,2420,1013857, 1231,PEGA
2421,2421,77281, 1231,PEI
2422,2422,778164, 1231,PEIX
2423,2423,921738, 1231,PENN
2424,2424,77476, 1228,PEP
2425,2425,1338940, 40,PERI
2426,2426,891532, 1231,PESI
2427,2427,1040130, 0331,PETS
2428,2428,1231, 1231,PFBC
2429,2429,78003, 1231,PFE
2430,2430,1126328, 1231,PFG
2431,2431,1504619, 16,PFLT
2432,2432,1212458, 1231,PFPT
2433,2433,1178970, 1231,PFS
2434,2434,1095315, 1231,PFSW
2435,2435,80424, 0630,PG
2436,2436,1050743, 1231,PGC
2437,2437,835887, 1231,PGNX
2438,2438,80661, 1231,PGR
2439,2439,1354327, 1228,PGTI
2440,2440,76334, 0630,PH
2441,2441,313216, 40,PHG
2442,2442,822416, 40,PHM
2443,2443,315131, 0930,PHX
2444,2444,931015, 1231,PII
2445,2445,278130, 0229,PIR
2446,2446,1230245, 1231,PJC
2447,2447,1315399, 1231,PKBK
2448,2448,76267, 0301,PKE
2449,2449,75677, 1231,PKG
2450,2450,31791, 1229,PKI
2451,2451,76282, 1231,PKOH
2452,2452,810136, 1031,PLAB
2453,2453,1041859, 0131,PLCE
2454,2454,1045609, 1231,PLD
2455,2455,29, 40,PLG
2456,2456,40, NULL,PLL
2457,2457,1287213, 1231,PLOW
2458,2458,914025, 0331,PLT
2459,2459,1093691, 1231,PLUG
2460,2460,1022408, 0331,PLUS
2461,2461,1006281, 40,PLX
2462,2462,785786, 0929,PLXS
2463,2463,1413329, 1231,PM
2464,2464,1109546, 1231,PMBC
2465,2465,1464423, 1231,PMT
2466,2466,713676, 1231,PNC
2467,2467,1115055, 1231,PNFP
2468,2468,1108426, 1231,PNM
2469,2469,1383414, 05,PNNT
2470,2470,77360, 40,PNR
2471,2471,764622, 1231,PNW
2472,2472,1145197, 1231,PODD
2473,2473,1122976, 1231,POL
2474,2474,945841, 1231,POOL
2475,2475,784977, 1231,POR
2476,2476,1530950, 0930,POST
2477,2477,833640, 1231,POWI
2478,2478,80420, 0930,POWL
2479,2479,1028918, 1231,PPBI
2480,2480,802481, 1229,PPC
2481,2481,79879, 1231,PPG
2482,2482,922224, 1231,PPL
2483,2483,1127703, 1231,PRA
2484,2484,1185348, 1231,PRAA
2485,2485,887226, 0630,PRCP
2486,2486,1085869, 1231,PRFT
2487,2487,1585364, 40,PRGO
2488,2488,876167, 1130,PRGS
2489,2489,1007330, 1231,PRGX
2490,2490,1475922, 1231,PRI
2491,2491,1361538, 1231,PRIM
2492,2492,805676, 1231,PRK
2493,2493,914139, 1231,PRKR
2494,2494,1443669, 1231,PRLB
2495,2495,1365101, 1231,PRMW
2496,2496,1392972, 1231,PRO
2497,2497,1010470, 0630,PROV
2498,2498,1220754, 1231,PRSC
2499,2499,1378950, 1228,PRTS
2500,2500,1137774, 1231,PRU
2501,2501,1393311, 1231,PSA
2502,2502,866368, 1231,PSB
2503,2503,1287032, 01,PSEC
2504,2504,1041803, 0831,PSMT
2505,2505,1158780, 40,PSTI
2506,2506,1534701, 1231,PSX
2507,2507,889900, 1231,PTEN
2508,2508,1445283, 2011,PTI
2509,2509,911216, 0630,PTN
2510,2510,1231, 40,PTNR
2511,2511,1231, 40,PVG
2512,2512,78239, 0202,PVH
2513,2513,1050915, 1231,PWR
2514,2514,1038357, 1231,PXD
2515,2515,1040161, 1231,PXLW
2516,2516,1399249, 1231,PZN
2517,2517,901491, 1229,PZZA
2518,2518,1036188, 0131,QADA
2519,2519,1036188, 0131,QADB
2520,2520,758938, 1231,QBAK
2521,2521,804328, 0929,QCOM
2522,2522,906465, 1231,QCRH
2523,2523,353569, 1231,QDEL
2524,2524,1108827, 1231,QEP
2525,2525,1015820, 40,QGEN
2526,2526,1117297, 0630,QNST
2527,2527,1481792, 1231,QUAD
2528,2528,882508, 1231,QUIK
2529,2529,85961, 1231,R
2530,2530,84129, 0229,RAD
2531,2531,1320854, 1231,RAIL
2532,2532,82166, 0131,RAVN
2533,2533,1046102, 40,RBA
2534,2534,82811, 1228,RBC
2535,2535,921557, 1231,RBCAA
2536,2536,1410172, 1231,RBCN
2537,2537,844150, 40,RBS
2538,2538,1527590, 1231,RC
2539,2539,1231, 40,RCI
2540,2540,933036, 1231,RCII
2541,2541,895456, 1231,RCKY
2542,2542,884887, 1231,RCL
2543,2543,700841, 1228,RCMT
2544,2544,1231, 40,RDCM
2545,2545,716634, 1231,RDI
2546,2546,890926, 1231,RDN
2547,2547,790526, 1231,RDNT
2548,2548,1231, 40,RDWR
2549,2549,1135951, 40,RDY
2550,2550,1095073, 40,RE
2551,2551,1084765, 0530,RECN
2552,2552,1140215, 1231,REED
2553,2553,793524, 1231,REFR
2554,2554,910606, 1231,REG
2555,2555,1463258, 1231,REGI
2556,2556,872589, 1231,REGN
2557,2557,355948, 0530,RELL
2558,2558,1509223, 40,RENN
2559,2559,742278, 1231,RES
2560,2560,887921, 1231,REV
2561,2561,744187, 0131,REX
2562,2562,1281761, 1231,RF
2563,2563,740664, 1031,RFIL
2564,2564,898174, 1231,RGA
2565,2565,1069533, 0930,RGCO
2566,2566,730272, 1231,RGEN
2567,2567,85535, 0630,RGLD
2568,2568,95029, 1231,RGR
2569,2569,716643, 0630,RGS
2570,2570,315213, 1231,RHI
2571,2571,935419, 0930,RICK
2572,2572,1451505, 40,RIG
2573,2573,1034842, 1231,RIGL
2574,2574,720005, 0930,RJF
2575,2575,1037038, 0328,RL
2576,2576,1171155, 0630,RLGT
2577,2577,1052595, 1231,RLH
2578,2578,84246, 1231,RLI
2579,2579,1511337, 1231,RLJ
2580,2580,1519401, 1231,RM
2581,2581,917273, 1231,RMBS
2582,2582,1616262, 0229,RMCF
2583,2583,943819, 0630,RMD
2584,2584,1041024, 1231,RMTI
2585,2585,1162112, 1231,RNET
2586,2586,913144, 40,RNR
2587,2587,715072, 1231,RNST
2588,2588,1046327, 1231,RNWK
2589,2589,912562, 1231,ROCK
2590,2590,84748, 1231,ROG
2591,2591,1407623, 1231,ROIC
2592,2592,1024478, 0930,ROK
2593,2593,84839, 1231,ROL
2594,2594,1324948, 0328,ROLL
2595,2595,882835, 1231,ROP
2596,2596,1659122, 1231,ROSE
2597,2597,745732, 0201,ROST
2598,2598,1538822, 1231,ROYT
2599,2599,1286225, 1231,RP
2600,2600,1222840, 1231,RPAI
2601,2601,110621, 0531,RPM
2602,2602,842183, 1231,RPT
2603,2603,315852, 1231,RRC
2604,2604,29669, 1231,RRD
2605,2605,1171759, 1229,RRGB
2606,2606,1440024, 1231,RRTS
2607,2607,861884, 1231,RS
2608,2608,1060391, 1231,RSG
2609,2609,1351285, 1231,RST
2610,2610,1760173, 1231,RTIX
2611,2611,1047122, 1231,RTN
2612,2612,1012019, 1231,RUSHA
2613,2613,1324272, 1229,RUTH
2614,2614,1041368, 0331,RVSB
2615,2615,930236, 1231,RWT
2616,2616,1439288, 0331,RXN
2617,2617,1000275, 40,RY
2618,2618,331, 40,RYAAY
2619,2619,52827, 1231,RYN
2620,2620,101830, 0331,S
2621,2621,812128, 1031,SAFM
2622,2622,1172052, 1231,SAFT
2623,2623,1043509, 1231,SAH
2624,2624,1177702, 1231,SAIA
2625,2625,1050606, 1231,SALM
2626,2626,949870, 1229,SAM
2627,2627,897723, 0928,SANM
2628,2628,1477246, 0630,SANW
2629,2629,1000184, 40,SAP
2630,2630,1377936, 03,SAR
2631,2631,824410, 1231,SASR
2632,2632,1415404, 1231,SATS
2633,2633,1498710, 1231,SAVE
2634,2634,9, 40,SB
2635,2635,1034054, 1231,SBAC
2636,2636,730708, 1231,SBCF
2637,2637,912752, 1231,SBGI
2638,2638,1368458, 0930,SBH
2639,2639,1386716, 40,SBLK
2640,2640,1231, 40,SBNY
2641,2641,1492298, 1231,SBRA
2642,2642,1231, 40,SBS
2643,2643,705432, 1231,SBSI
2644,2644,829224, 0929,SBUX
2645,2645,1001838, 1231,SCCO
2646,2646,866729, 0531,SCHL
2647,2647,912603, 0831,SCHN
2648,2648,316709, 1231,SCHW
2649,2649,89089, 1231,SCI
2650,2650,94049, 1231,SCL
2651,2651,895665, 1231,SCON
2652,2652,1158172, 1231,SCOR
2653,2653,1050825, 0228,SCS
2654,2654,918965, 0630,SCSC
2655,2655,895447, 0202,SCVL
2656,2656,1349436, 1231,SD
2657,2657,2, 40,SDRL
2658,2658,1231, 40,SE
2659,2659,1019671, 0131,SEAC
2660,2660,1012100, 1231,SEE
2661,2661,350894, 1231,SEIC
2662,2662,1320414, 1231,SEM
2663,2663,1489136, 1231,SEMG
2664,2664,720672, 1231,SF
2665,2665,86115, 1231,SFE
2666,2666,20, 40,SFL
2667,2667,90498, 1231,SFNC
2668,2668,1090009, 1231,SFST
2669,2669,16, 40,SFUN
2670,2670,886136, 1231,SGA
2671,2671,95574, 1231,SGC
2672,2672,1060736, 1231,SGEN
2673,2673,1001233, 1231,SGMO
2674,2674,750004, 1231,SGMS
2675,2675,1004989, 1231,SGRP
2676,2676,1035092, 1231,SHBI
2677,2677,354963, 1231,SHEN
2678,2678,1448397, 40,SHIP
2679,2679,904979, 1031,SHLO
2680,2680,1295810, 1231,SHO
2681,2681,913241, 1231,SHOO
2682,2682,89800, 1231,SHW
2683,2683,1231, 40,SID
2684,2684,832988, 40,SIG
2685,2685,1010086, 1231,SIGA
2686,2686,230557, 1231,SIGI
2687,2687,790715, 0130,SIGM
2688,2688,916793, 40,SILC
2689,2689,1231, 40,SIMO
2690,2690,1094005, 40,SINA
2691,2691,908937, 1231,SIRI
2692,2692,719739, 1231,SIVB
2693,2693,701374, 1231,SIX
2694,2694,91928, 1231,SJI
2695,2695,91419, 0430,SJM
2696,2696,831, 40,SJR
2697,2697,766829, 1231,SJW
2698,2698,899715, 1231,SKT
2699,2699,1065837, 1231,SKX
2700,2700,90896, 0328,SKY
2701,2701,793733, 1231,SKYW
2702,2702,1038074, 1228,SLAB
2703,2703,87347, 8,SLB
2704,2704,1524741, 1231,SLCA
2705,2705,1097362, 40,SLF
2706,2706,1040971, 1231,SLG
2707,2707,849869, 1231,SLGN
2708,2708,1032033, 1231,SLM
2709,2709,1023459, 0831,SLP
2710,2710,1418076, 1231,SLRC
2711,2711,893538, 1231,SM
2712,2712,1375365, 0630,SMCI
2713,2713,898770, 0630,SMED
2714,2714,825542, 0930,SMG
2715,2715,93389, 1231,SMP
2716,2716,884940, 0201,SMRT
2717,2717,948708, 1231,SMSI
2718,2718,88941, 0126,SMTC
2719,2719,1108320, 40,SMTX
2720,2720,91440, 1228,SNA
2721,2721,1131554, 1231,SNCR
2722,2722,313838, 40,SNE
2723,2723,1075415, 1231,SNH
2724,2724,1231, 40,SNN
2725,2725,883241, 1031,SNPS
2726,2726,1061027, 1231,SNSS
2727,2727,18349, 1231,SNV
2728,2728,1177394, 1130,SNX
2729,2729,1121404, 40,SNY
2730,2730,92122, 1231,SO
2731,2731,1029744, 0930,SOFO
2732,2732,1231, 40,SOHU
2733,2733,1417892, 40,SOL
2734,2734,91767, 1231,SON
2735,2735,1325670, 1231,SONA
2736,2736,714284, 40,SORL
2737,2737,743238, 1231,SPAR
2738,2738,1063761, 1231,SPG
2739,2739,1005210, 0928,SPH
2740,2740,1353283, 0131,SPLK
2741,2741,1231, 40,SPNS
2742,2742,831547, 1231,SPPI
2743,2743,1364885, 1231,SPR
2744,2744,1104855, 1231,SPRT
2745,2745,1092699, 1231,SPSC
2746,2746,877422, 1228,SPTN
2747,2747,867773, 1229,SPWR
2748,2748,909037, 40,SQM
2749,2749,1231, 40,SQNS
2750,2750,1126956, 0930,SR
2751,2751,34782, 1231,SRCE
2752,2752,861878, 1231,SRCL
2753,2753,924717, 0930,SRDX
2754,2754,1032208, 1231,SRE
2755,2755,1310114, 1231,SREV
2756,2756,1043337, 1231,SRI
2757,2757,1031029, 1231,SRT
2758,2758,1031029, 1231,SSBI
2759,2759,920371, 1231,SSD
2760,2760,6885, 0201,SSI
2761,2761,1402436, 1231,SSNC
2762,2762,832428, 1231,SSP
2763,2763,1332639, 40,SSW
2764,2764,3, 3,SSYS
2765,2765,1477294, 40,ST
2766,2766,718937, 0103,STAA
2767,2767,1479094, 1231,STAG
2768,2768,719220, 1231,STBA
2769,2769,94344, 1231,STC
2770,2770,1757898, 40,STE
2771,2771,874977, 1231,STFC
2772,2772,750556, 1231,STI
2773,2773,351834, 40,STKL
2774,2774,1070154, 1231,STL
2775,2775,1022671, 1231,STLD
2776,2776,797465, 1231,STLY
2777,2777,932787, 40,STM
2778,2778,1082923, 1231,STMP
2779,2779,1131383, 40,STN
2780,2780,1483934, 40,STNG
2781,2781,1286131, 1231,STON
2782,2782,1013934, 1231,STRA
2783,2783,874238, 1231,STRL
2784,2784,1008586, 0131,STRM
2785,2785,933034, 0628,STRT
2786,2786,93751, 1231,STT
2787,2787,1465128, 1231,STWD
2788,2788,1137789, 40,STX
2789,2789,16918, 0229,STZ
2790,2790,12, 40,SU
2791,2791,912593, 1231,SUI
2792,2792,1314772, 1228,SUMR
2793,2793,1552275, 1231,SUN
2794,2794,1508171, 1231,SUNS
2795,2795,95552, 1231,SUP
2796,2796,1356576, 1231,SUPN
2797,2797,1084201, 40,SVA
2798,2798,1052045, 1231,SVM
2799,2799,1428669, 1231,SWI
2800,2800,1111863, 40,SWIR
2801,2801,93556, 1228,SWK
2802,2802,4127, 0927,SWKS
2803,2803,1000623, 1231,SWM
2804,2804,7332, 1231,SWN
2805,2805,1692115, 1231,SWX
2806,2806,1514705, 1231,SXC
2807,2807,310354, 0630,SXI
2808,2808,310142, 1231,SXT
2809,2809,835324, 1231,SYBT
2810,2810,310764, 1231,SYK
2811,2811,1010612, 1231,SYKE
2812,2812,849399, 0403,SYMC
2813,2813,894158, 1231,SYN
2814,2814,817720, 0627,SYNA
2815,2815,1408278, 1231,SYNC
2816,2816,95953, 1231,SYNL
2817,2817,864240, 1231,SYPR
2818,2818,945114, 1231,SYX
2819,2819,96021, 0627,SYY
2820,2820,732717, 1231,T
2821,2821,1378453, 1231,TA
2822,2822,1231, 40,TAC
2823,2823,1017303, 1231,TACT
2824,2824,9, 40,TAL
2825,2825,24545, 1231,TAP
2826,2826,906338, 40,TARO
2827,2827,809248, 1231,TAST
2828,2828,1092289, 0,TAT
2829,2829,40, NULL,TBBK
2830,2830,768899, 1229,TBI
2831,2831,1447051, 1231,TBNK
2832,2832,1231, 40,TC
2833,2833,1077428, 1231,TCBI
2834,2834,356171, 1231,TCBK
2835,2835,890319, 1231,TCO
2836,2836,1075607, 1231,TCP
2837,2837,1370755, 02,TCPC
2838,2838,1464963, 1231,TCRD
2839,2839,909494, 40,TCX
2840,2840,947263, 40,TD
2841,2841,816761, 1231,TDC
2842,2842,1260221, 0930,TDG
2843,2843,1051512, 1231,TDS
2844,2844,98222, 1231,TDW
2845,2845,1094285, 1229,TDY
2846,2846,790703, 0928,TECD
2847,2847,842023, 0630,TECH
2848,2848,1231, 40,TEF
2849,2849,1385157, 40,TEL
2850,2850,1024725, 1231,TEN
2851,2851,30, 40,TEO
2852,2852,97210, 1231,TER
2853,2853,927355, 0329,TESS
2854,2854,818686, 40,TEVA
2855,2855,97216, 1231,TEX
2856,2856,1381668, 0930,TFSL
2857,2857,96943, 1231,TFX
2858,2858,1231, 40,TGA
2859,2859,878518, 40,TGB
2860,2860,1633651, 1231,TGE
2861,2861,1231, 40,TGH
2862,2862,1021162, 0331,TGI
2863,2863,1231, 40,TGP
2864,2864,27419, 0131,TGT
2865,2865,70318, 1231,THC
2866,2866,714562, 1231,THFF
2867,2867,944695, 1231,THG
2868,2868,730263, 0731,THO
2869,2869,1609727, 1231,THOR
2870,2870,1489096, 0331,THR
2871,2871,1320695, 1231,THS
2872,2872,98246, 0131,TIF
2873,2873,318833, 1231,TISI
2874,2874,1409171, 0131,TITN
2875,2875,1675820, 1231,TIVO
2876,2876,109198, 0131,TJX
2877,2877,8, 40,TK
2878,2878,98362, 1231,TKR
2879,2879,909724, 1231,TLF
2880,2880,331, 40,TM
2881,2881,97745, 1231,TMO
2882,2882,1005817, 1231,TMP
2883,2883,1474439, 0630,TNAV
2884,2884,97134, 1231,TNC
2885,2885,1231, 40,TNK
2886,2886,3, 40,TNP
2887,2887,794170, 1031,TOL
2888,2888,1382298, 40,TOO
2889,2889,879764, 40,TOT
2890,2890,879764, 40,TOWN
2891,2891,77543, 1231,TPC
2892,2892,1206264, 1231,TPX
2893,2893,1434621, 1231,TREE
2894,2894,1069878, 1231,TREX
2895,2895,1389170, 1231,TRGP
2896,2896,1075124, 40,TRI
2897,2897,1231, 40,TRIB
2898,2898,1526520, 1231,TRIP
2899,2899,864749, 0103,TRMB
2900,2900,36146, 1231,TRMK
2901,2901,99780, 1231,TRN
2902,2902,1476150, 1231,TRNO
2903,2903,99302, 0328,TRNS
2904,2904,1113169, 1231,TROW
2905,2905,1232384, 40,TRP
2906,2906,842633, 1231,TRS
2907,2907,357301, 1231,TRST
2908,2908,1552033, 1231,TRU
2909,2909,86312, 1231,TRV
2910,2910,4, 40,TS
2911,2911,1046050, 0930,TSBK
2912,2912,916365, 1228,TSCO
2913,2913,1231, 40,TSEM
2914,2914,1318605, 1231,TSLA
2915,2915,1231, 40,TSM
2916,2916,100493, 0928,TSN
2917,2917,5, 40,TSU
2918,2918,737758, 1031,TTC
2919,2919,1013880, 1231,TTEC
2920,2920,831641, 0929,TTEK
2921,2921,1293282, 40,TTGT
2922,2922,844965, 1231,TTI
2923,2923,1116942, 1231,TTMI
2924,2924,946581, 0331,TTWO
2925,2925,18, 40,TU
2926,2926,878726, 0630,TUES
2927,2927,1008654, 1228,TUP
2928,2928,912892, 40,TV
2929,2929,1758730, 1231,TW
2930,2930,899751, 1231,TWI
2931,2931,100378, 0630,TWIN
2932,2932,1465740, 1231,TWO
2933,2933,1231, 40,TX
2934,2934,97476, 1231,TXN
2935,2935,1289460, 1231,TXRH
2936,2936,217346, 0104,TXT
2937,2937,860731, 1231,TYL
2938,2938,1133311, 1231,TZOO
2939,2939,1336917, 1231,UA
2940,2940,100517, 1231,UAL
2941,2941,1425292, 1231,UAN
2942,2942,1029800, 1031,UBA
2943,2943,1610520, 40,UBS
2944,2944,729986, 1231,UBSI
2945,2945,857855, 1231,UCBI
2946,2946,707886, 1231,UCFC
2947,2947,1275014, 1227,UCTT
2948,2948,74208, 1231,UDR
2949,2949,101984, 1231,UEIC
2950,2950,1041514, 40,UEPS
2951,2951,101199, 1231,UFCS
2952,2952,100726, 0630,UFI
2953,2953,912767, 1228,UFPI
2954,2954,914156, 1231,UFPT
2955,2955,1381531, 1231,UFS
2956,2956,884614, 0930,UGI
2957,2957,1231, 40,UGP
2958,2958,4457, 0331,UHAL
2959,2959,352915, 1231,UHS
2960,2960,746838, 1231,UIS
2961,2961,875657, 1231,ULBI
2962,2962,1403568, 0201,ULTA
2963,2963,101382, 1231,UMBF
2964,2964,1231, 40,UMC
2965,2965,752642, 1231,UMH
2966,2966,1077771, 1231,UMPQ
2967,2967,717954, 0831,UNF
2968,2968,1020859, 0803,UNFI
2969,2969,731766, 1231,UNH
2970,2970,5513, 1231,UNM
2971,2971,100885, 1231,UNP
2972,2972,798949, 1231,UNT
2973,2973,1090727, 1231,UPS
2974,2974,912615, 0131,URBN
2975,2975,1375205, 4,URG
2976,2976,1067701, 1231,URI
2977,2977,883945, 1231,USAK
2978,2978,931584, 1231,USAP
2979,2979,896429, 0630,USAT
2980,2980,36104, 1231,USB
2981,2981,1073429, 1231,USCR
2982,2982,101594, 1231,USEG
2983,2983,821130, 1231,USM
2984,2984,896264, 1228,USNA
2985,2985,885978, 1231,USPH
2986,2986,1082554, 1231,UTHR
2987,2987,1261654, 0930,UTI
2988,2988,755001, 1231,UTL
2989,2989,1030471, 40,UTSI
2990,2990,101829, 1231,UTX
2991,2991,891166, 1231,UVE
2992,2992,102212, 1231,UVSP
2993,2993,102037, 0331,UVV
2994,2994,1403161, 0930,V
2995,2995,1524358, 1231,VAC
2996,2996,917851, 40,VALE
2997,2997,203527, 0927,VAR
2998,2998,1111335, 1231,VC
2999,2999,1129260, 1231,VCRA
3000,3000,103145, 1231,VECO
3001,3001,103379, 0328,VFC
3002,3002,1272830, 1231,VG
3003,3003,59440, 1231,VGR
3004,3004,1339947, 0930,VIA
3005,3005,1339947, 0930,VIAB
3006,3006,751978, 1231,VICR
3007,3007,1231, 40,VIPS
3008,3008,751365, 0131,VIRC
3009,3009,20, 40,VIV
3010,3010,794172, 0930,VIVO
3011,3011,1035002, 1231,VLO
3012,3012,714310, 1231,VLY
3013,3013,1396009, 1231,VMC
3014,3014,102729, 1228,VMI
3015,3015,1124610, 0131,VMW
3016,3016,1347178, 1231,VNDA
3017,3017,6, 40,VNET
3018,3018,899689, 1231,VNO
3019,3019,807707, 0229,VOXX
3020,3020,1487952, 1231,VPG
3021,3021,1495320, 0201,VRA
3022,3022,926617, 1231,VRML
3023,3023,1166388, 0131,VRNT
3024,3024,1421182, 1231,VRS
3025,3025,1442145, 1231,VRSK
3026,3026,1014473, 1231,VRSN
3027,3027,883237, 1231,VRTS
3028,3028,1207074, 0331,VRTU
3029,3029,875320, 1231,VRTX
3030,3030,797721, 0331,VSAT
3031,3031,102752, 1231,VSEC
3032,3032,103730, 1231,VSH
3033,3033,1360530, 1229,VSI
3034,3034,1526119, 1231,VSTM
3035,3035,740260, 1231,VTR
3036,3036,884219, 1231,VVI
3037,3037,881524, 1231,VVUS
3038,3038,732712, 1231,VZ
3039,3039,943452, 1231,WAB
3040,3040,311094, 1231,WABC
3041,3041,936528, 0930,WAFD
3042,3042,1378718, 2008,WAIR
3043,3043,1212545, 1231,WAL
3044,3044,737468, 1231,WASH
3045,3045,1000697, 1231,WAT
3046,3046,1390844, 1231,WBC
3047,3047,801337, 1231,WBS
3048,3048,929008, 1231,WCC
3049,3049,1279363, 1231,WCG
3050,3050,1318220, 40,WCN
3051,3051,1497770, 1231,WD
3052,3052,106040, 0703,WDC
3053,3053,105132, 0831,WDFC
3054,3054,1052100, 1231,WDR
3055,3055,783325, 1231,WEC
3056,3056,30697, 1229,WEN
3057,3057,793074, 1231,WERN
3058,3058,1423902, 1231,WES
3059,3059,880631, 1231,WETF
3060,3060,1309108, 1231,WEX
3061,3061,106532, 1231,WEYS
3062,3062,72971, 1231,WFC
3063,3063,107687, 0831,WGO
3064,3064,1722684, 1231,WH
3065,3065,106640, 1231,WHR
3066,3066,1169988, 1231,WIFI
3067,3067,850460, 1231,WIRE
3068,3068,1123799, 40,WIT
3069,3069,1370450, 1228,WLDN
3070,3070,1262823, 1231,WLK
3071,3071,1255474, 1231,WLL
3072,3072,823768, 1231,WM
3073,3073,107263, 1231,WMB
3074,3074,1492658, 40,WMGI
3075,3075,1604028, 0331,WMS
3076,3076,104169, 0131,WMT
3077,3077,879526, 1231,WNC
3078,3078,331, 40,WNS
3079,3079,108516, 0531,WOR
3080,3080,1025378, 1231,WPC
3081,3081,806968, 40,WPP
3082,3082,1370416, 40,WPRT
3083,3083,1518832, 1231,WPX
3084,3084,11544, 1231,WRB
3085,3085,104894, 1231,WRE
3086,3086,828916, 1231,WRI
3087,3087,108385, 0331,WRLD
3088,3088,203596, 1231,WSBC
3089,3089,1329517, 1231,WSBF
3090,3090,828944, 1231,WSFS
3091,3091,719955, 0129,WSM
3092,3092,105016, 1231,WSO
3093,3093,1175535, 1231,WSR
3094,3094,105770, 1231,WST
3095,3095,945983, 1231,WSTG
3096,3096,1002135, 0331,WSTL
3097,3097,1166928, 1231,WTBA
3098,3098,1015328, 1231,WTFC
3099,3099,1288403, 1231,WTI
3100,3100,776867, 0,WTM
3101,3101,78128, 1231,WTR
3102,3102,795403, 1231,WTS
3103,3103,1365135, 1231,WU
3104,3104,108312, 0930,WWD
3105,3105,1091907, 1231,WWE
3106,3106,110471, 1228,WWW
3107,3107,106535, 1231,WY
3108,3108,1174922, 1231,WYNN
3109,3109,1034760, 1231,WYY
3110,3110,1163302, 1231,X
3111,3111,1168054, 1231,XEC
3112,3112,72903, 1231,XEL
3113,3113,743988, 0328,XLNX
3114,3114,34088, 1231,XOM
3115,3115,791908, 1231,XOMA
3116,3116,1166003, 1231,XPO
3117,3117,818479, 1231,XRAY
3118,3118,1231, 40,XRX
3119,3119,1524472, 1231,XYL
3120,3120,775368, 1231,Y
3121,3121,1345016, 1231,YELP
3122,3122,7, 40,YNDX
3123,3123,108985, 1231,YORW
3124,3124,904851, 40,YPF
3125,3125,716006, 1231,YRCW
3126,3126,1041061, 1231,YUM
3127,3127,1617640, 1231,Z
3128,3128,1296205, 1231,ZAGG
3129,3129,877212, 1231,ZBRA
3130,3130,917470, 1231,ZEUS
3131,3131,1375151, 1231,ZGNX
3132,3132,109380, 1231,ZION
3133,3133,1107421, 1231,ZIOP
3134,3134,855612, 1231,ZIXI
3135,3135,1439404, 1231,ZNGA
3136,3136,1318008, 0201,ZUMZ
